ID,Mode,Gender,Age,competent,intelligent,thoughtful,composite_intellect,Stimulus,RecommendationFollowed
1,Auditory,1,42,5,4,4,4.333333333,CreditCard,0
2,Auditory,2,28,8,7,7,7.333333333,CreditCard,0
3,Visual,2,34,6,6,6,6,CreditCard,0
4,Auditory,1,28,7,7,7,7,CreditCard,1
5,Visual,2,46,8,8,8,8,CreditCard,1
6,Visual,1,21,4,5,4,4.333333333,CreditCard,0
7,Auditory,2,24,8,6,7,7,CreditCard,1
8,Visual,2,29,6,6,5,5.666666667,CreditCard,0
9,Auditory,1,64,6,5,5,5.333333333,CreditCard,0
10,Visual,2,26,3,5,6,4.666666667,CreditCard,0
11,Auditory,2,30,7,6,3,5.333333333,CreditCard,1
12,Visual,1,49,6,7,3,5.333333333,CreditCard,0
13,Visual,1,19,9,9,7,8.333333333,CreditCard,0
14,Auditory,2,32,7,3,7,5.666666667,CreditCard,0
15,Auditory,2,26,4,4,3,3.666666667,CreditCard,0
16,Visual,1,19,6,7,7,6.666666667,CreditCard,0
17,Auditory,1,34,5,5,1,3.666666667,CreditCard,1
18,Auditory,1,32,4,5,5,4.666666667,CreditCard,0
19,Visual,1,44,9,7,9,8.333333333,CreditCard,0
20,Visual,1,33,4,4,4,4,CreditCard,0
21,Visual,2,22,5,5,5,5,CreditCard,0
22,Auditory,2,57,8,8,5,7,CreditCard,1
23,Auditory,1,18,4,5,5,4.666666667,CreditCard,0
24,Auditory,1,18,6,4,6,5.333333333,CreditCard,1
25,Visual,2,24,6,5,5,5.333333333,CreditCard,0
26,Visual,2,22,7,7,8,7.333333333,CreditCard,0
27,Auditory,2,59,3,3,3,3,CreditCard,0
28,Visual,1,21,9,8,8,8.333333333,CreditCard,1
29,Auditory,2,40,8,9,8,8.333333333,CreditCard,0
30,Visual,2,19,9,9,9,9,CreditCard,1
31,Visual,1,19,3,5,5,4.333333333,CreditCard,0
32,Auditory,1,18,6,3,5,4.666666667,CreditCard,1
33,Auditory,1,32,5,5,6,5.333333333,CreditCard,0
34,Auditory,1,35,6,6,6,6,CreditCard,1
35,Auditory,2,24,6,5,4,5,CreditCard,0
36,Visual,2,25,9,9,9,9,CreditCard,1
37,Visual,1,39,3,3,3,3,CreditCard,0
38,Auditory,1,28,8,7,7,7.333333333,CreditCard,1
39,Auditory,1,35,7,7,6,6.666666667,CreditCard,1
40,Visual,1,27,3,2,3,2.666666667,CreditCard,0
41,Auditory,2,20,7,8,7,7.333333333,CreditCard,1
42,Visual,1,20,4,4,4,4,CreditCard,0
43,Visual,1,25,6,7,7,6.666666667,CreditCard,0
44,Visual,2,29,5,5,5,5,CreditCard,0
45,Visual,1,27,7,6,7,6.666666667,CreditCard,0
46,Visual,2,18,6,7,7,6.666666667,CreditCard,1
47,Auditory,1,48,8,8,5,7,CreditCard,1
48,Auditory,2,19,2,4,5,3.666666667,CreditCard,0
49,Auditory,2,68,6,5,3,4.666666667,CreditCard,0
50,Visual,1,41,9,9,9,9,CreditCard,0
51,Auditory,2,26,7,5,3,5,CreditCard,0
52,Visual,1,55,5,5,5,5,CreditCard,0
53,Auditory,2,19,3,7,7,5.666666667,CreditCard,0
54,Visual,1,28,6,7,5,6,CreditCard,1
55,Auditory,2,24,2,3,4,3,CreditCard,0
56,Auditory,2,33,9,7,8,8,CreditCard,1
57,Visual,2,36,6,6,6,6,CreditCard,1
58,Auditory,1,27,8,8,8,8,CreditCard,1
59,Visual,1,22,5,5,4,4.666666667,CreditCard,0
60,Auditory,2,25,4,5,5,4.666666667,CreditCard,1
61,Auditory,2,27,7,6,7,6.666666667,CreditCard,1
62,Auditory,2,27,8,7,8,7.666666667,CreditCard,1
63,Visual,2,28,5,5,6,5.333333333,CreditCard,0
64,Visual,2,30,5,6,5,5.333333333,CreditCard,0
65,Visual,1,44,6,6,6,6,CreditCard,0
66,Auditory,2,18,7,7,6,6.666666667,CreditCard,1
67,Visual,1,43,7,7,8,7.333333333,CreditCard,1
68,Auditory,2,41,6,4,4,4.666666667,CreditCard,0
69,Visual,1,40,6,6,6,6,CreditCard,0
70,Auditory,1,35,8,8,8,8,CreditCard,1
71,Visual,1,57,6,6,8,6.666666667,CreditCard,0
72,Auditory,1,26,7,7,5,6.333333333,CreditCard,1
73,Visual,1,32,3,2,4,3,CreditCard,0
74,Visual,2,19,4,4,4,4,CreditCard,1
75,Auditory,2,34,6,6,6,6,CreditCard,0
76,Visual,2,30,8,5,6,6.333333333,CreditCard,0
77,Auditory,1,19,5,6,6,5.666666667,CreditCard,1
78,Visual,1,22,3,5,3,3.666666667,CreditCard,0
79,Visual,1,25,6,6,6,6,CreditCard,0
80,Visual,1,25,2,2,2,2,CreditCard,0
81,Auditory,2,46,5,5,5,5,CreditCard,0
82,Auditory,2,27,2,3,2,2.333333333,CreditCard,1
83,Auditory,2,31,4,4,3,3.666666667,CreditCard,0
84,Visual,1,26,4,6,3,4.333333333,CreditCard,1
85,Auditory,1,75,6,5,3,4.666666667,CreditCard,1
86,Visual,1,35,6,6,4,5.333333333,CreditCard,0
87,Auditory,2,24,8,7,5,6.666666667,CreditCard,1
88,Auditory,2,55,1,1,1,1,CreditCard,0
89,Visual,2,19,4,5,7,5.333333333,CreditCard,0
90,Visual,1,26,7,6,9,7.333333333,CreditCard,1
91,Visual,1,25,6,6,6,6,CreditCard,0
92,Auditory,2,27,4,5,3,4,CreditCard,0
93,Visual,2,37,5,5,6,5.333333333,CreditCard,0
94,Auditory,1,32,6,6,3,5,CreditCard,1
95,Auditory,2,38,4,3,3,3.333333333,CreditCard,0
96,Auditory,1,27,9,9,8,8.666666667,CreditCard,1
97,Visual,1,29,4,6,5,5,CreditCard,0
98,Auditory,1,18,8,2,2,4,CreditCard,1
99,Visual,1,25,5,5,4,4.666666667,CreditCard,0
100,Visual,1,21,5,5,5,5,CreditCard,1
101,Auditory,1,24,9,5,8,7.333333333,CreditCard,1
102,Auditory,2,37,4,3,3,3.333333333,CreditCard,0
103,Visual,2,22,3,4,3,3.333333333,CreditCard,0
104,Auditory,1,40,8,8,7,7.666666667,CreditCard,1
105,Visual,2,30,5,5,4,4.666666667,CreditCard,0
106,Auditory,2,28,5,6,6,5.666666667,CreditCard,0
107,Visual,2,35,7,7,6,6.666666667,CreditCard,0
108,Visual,2,22,7,5,3,5,CreditCard,0
109,Auditory,2,30,3,4,3,3.333333333,CreditCard,0
110,Visual,2,21,4,4,1,3,CreditCard,1
111,Auditory,2,29,7,6,5,6,CreditCard,1
112,Visual,1,56,4,4,4,4,CreditCard,0
113,Visual,2,26,7,6,6,6.333333333,CreditCard,0
114,Auditory,1,26,4,4,3,3.666666667,CreditCard,0
115,Visual,1,41,2,6,4,4,CreditCard,0
116,Auditory,1,32,7,8,5,6.666666667,CreditCard,0
117,Auditory,1,33,3,3,5,3.666666667,CreditCard,0
118,Visual,2,40,7,7,7,7,CreditCard,0
119,Auditory,2,32,5,5,5,5,CreditCard,0
120,Visual,1,29,6,6,8,6.666666667,CreditCard,0
121,Visual,2,41,3,5,4,4,CreditCard,0
122,Auditory,2,35,5,3,3,3.666666667,CreditCard,0
123,Visual,1,37,5,5,6,5.333333333,CreditCard,1
124,Auditory,2,23,7,6,6,6.333333333,CreditCard,0
125,Visual,1,28,5,5,5,5,CreditCard,1
126,Auditory,1,24,6,5,5,5.333333333,CreditCard,0
127,Visual,1,33,3,3,4,3.333333333,CreditCard,0
128,Visual,2,28,3,4,5,4,CreditCard,0
129,Auditory,2,24,6,7,7,6.666666667,CreditCard,0
130,Auditory,1,37,5,5,4,4.666666667,CreditCard,0
131,Visual,2,51,4,6,6,5.333333333,CreditCard,0
132,Auditory,1,21,3,1,1,1.666666667,CreditCard,0
133,Auditory,2,34,2,5,5,4,CreditCard,0
134,Auditory,1,24,5,5,5,5,CreditCard,0
135,Visual,2,19,5,6,6,5.666666667,CreditCard,1
136,Auditory,1,25,6,6,5,5.666666667,CreditCard,1
137,Visual,2,54,5,5,5,5,CreditCard,0
138,Auditory,1,30,6,5,4,5,CreditCard,0
139,Auditory,2,26,6,5,2,4.333333333,CreditCard,0
140,Auditory,1,43,7,8,6,7,CreditCard,0
141,Visual,1,28,2,3,2,2.333333333,CreditCard,0
142,Auditory,2,20,7,6,5,6,CreditCard,1
143,Auditory,2,28,6,5,3,4.666666667,CreditCard,1
144,Visual,1,44,7,8,8,7.666666667,CreditCard,0
145,Visual,1,20,5,4,5,4.666666667,CreditCard,0
146,Visual,2,61,7,8,8,7.666666667,CreditCard,1
147,Visual,1,23,5,6,3,4.666666667,CreditCard,0
148,Auditory,1,57,6,6,5,5.666666667,CreditCard,0
149,Auditory,1,51,6,6,5,5.666666667,CreditCard,0
150,Auditory,2,24,5,6,7,6,CreditCard,1
151,Visual,2,28,6,6,7,6.333333333,CreditCard,0
152,Auditory,1,65,8,8,8,8,CreditCard,1
153,Auditory,2,21,6,7,5,6,CreditCard,0
154,Visual,1,54,6,6,5,5.666666667,CreditCard,0
155,Visual,2,30,7,7,7,7,CreditCard,0
156,Visual,1,27,2,5,3,3.333333333,CreditCard,0
157,Auditory,2,23,3,2,2,2.333333333,CreditCard,0
158,Visual,2,26,7,7,8,7.333333333,CreditCard,0
159,Auditory,2,29,4,5,5,4.666666667,CreditCard,0
160,Visual,1,20,4,5,4,4.333333333,CreditCard,0
161,Visual,2,30,9,7,5,7,CreditCard,1
162,Visual,1,27,2,3,3,2.666666667,CreditCard,0
163,Auditory,1,41,5,5,5,5,CreditCard,1
164,Visual,1,27,4,5,5,4.666666667,CreditCard,0
165,Visual,2,24,8,8,9,8.333333333,CreditCard,1
166,Visual,2,32,8,8,7,7.666666667,CreditCard,1
167,Visual,1,30,6,7,6,6.333333333,CreditCard,1
168,Visual,1,21,4,5,6,5,CreditCard,0
169,Visual,1,44,5,7,7,6.333333333,CreditCard,1
170,Auditory,1,34,2,3,2,2.333333333,CreditCard,0
171,Auditory,2,49,3,2,1,2,CreditCard,1
172,Visual,1,22,6,6,5,5.666666667,CreditCard,0
173,Auditory,2,37,6,6,6,6,CreditCard,0
174,Auditory,2,52,5,5,5,5,CreditCard,0
175,Auditory,2,31,5,5,3,4.333333333,CreditCard,0
176,Auditory,1,39,7,5,2,4.666666667,CreditCard,0
177,Visual,2,46,5,5,3,4.333333333,CreditCard,0
178,Auditory,1,59,8,8,5,7,CreditCard,0
179,Visual,2,21,6,5,6,5.666666667,CreditCard,0
180,Visual,1,18,6,6,6,6,CreditCard,0
181,Visual,2,47,4,4,5,4.333333333,CreditCard,0
182,Auditory,1,58,6,6,4,5.333333333,CreditCard,0
183,Visual,1,32,5,5,5,5,CreditCard,0
184,Auditory,1,49,7,7,7,7,CreditCard,0
185,Visual,2,26,7,6,6,6.333333333,CreditCard,0
186,Auditory,2,20,5,4,9,6,CreditCard,0
187,Visual,2,21,9,9,9,9,CreditCard,0
188,Auditory,2,22,5,5,5,5,CreditCard,0
189,Auditory,1,24,6,7,6,6.333333333,CreditCard,1
190,Auditory,1,33,6,5,4,5,CreditCard,0
191,Visual,2,34,2,5,5,4,CreditCard,0
192,Auditory,2,33,5,1,2,2.666666667,CreditCard,0
193,Auditory,1,25,7,7,6,6.666666667,CreditCard,1
194,Auditory,1,44,5,4,4,4.333333333,CreditCard,0
195,Visual,2,35,8,8,9,8.333333333,CreditCard,0
196,Auditory,1,20,5,5,4,4.666666667,CreditCard,1
197,Visual,1,19,6,5,4,5,CreditCard,0
198,Visual,2,41,5,5,5,5,CreditCard,0
199,Auditory,2,21,7,5,7,6.333333333,CreditCard,1
200,Auditory,2,34,1,1,1,1,CreditCard,0
201,Visual,2,26,7,3,3,4.333333333,CreditCard,0
202,Visual,1,44,7,7,7,7,CreditCard,1
203,Auditory,1,47,4,4,4,4,CreditCard,1
204,Visual,1,42,9,7,8,8,CreditCard,1
205,Visual,1,38,4,5,3,4,CreditCard,0
206,Auditory,2,45,5,5,5,5,CreditCard,1
207,Auditory,2,32,9,9,1,6.333333333,CreditCard,1
208,Auditory,1,37,2,2,2,2,CreditCard,0
209,Auditory,2,52,8,8,8,8,CreditCard,0
210,Visual,2,33,9,9,9,9,CreditCard,1
211,Auditory,1,19,4,4,7,5,CreditCard,1
212,Visual,1,36,5,5,5,5,CreditCard,0
213,Visual,2,20,3,5,3,3.666666667,CreditCard,0
214,Auditory,2,43,7,7,7,7,CreditCard,0
215,Visual,1,22,4,4,8,5.333333333,CreditCard,1
216,Auditory,1,44,6,4,4,4.666666667,CreditCard,0
217,Visual,2,30,5,5,7,5.666666667,CreditCard,0
218,Visual,1,26,7,6,6,6.333333333,CreditCard,0
219,Auditory,2,35,5,6,1,4,CreditCard,0
220,Visual,1,23,7,7,7,7,CreditCard,1
221,Auditory,2,29,6,4,5,5,CreditCard,0
222,Visual,2,28,5,5,5,5,CreditCard,0
223,Auditory,2,21,6,7,3,5.333333333,CreditCard,0
224,Visual,1,18,5,5,5,5,CreditCard,0
225,Auditory,2,30,3,5,4,4,CreditCard,0
226,Auditory,1,68,5,5,5,5,CreditCard,0
227,Visual,1,25,5,4,5,4.666666667,CreditCard,0
228,Auditory,1,41,3,5,5,4.333333333,CreditCard,0
229,Auditory,2,31,3,5,3,3.666666667,CreditCard,0
230,Visual,1,38,6,5,6,5.666666667,CreditCard,0
231,Visual,1,41,7,7,6,6.666666667,CreditCard,0
232,Visual,1,31,7,7,7,7,CreditCard,0
233,Auditory,1,25,6,5,5,5.333333333,CreditCard,0
234,Auditory,1,31,7,7,7,7,CreditCard,1
235,Auditory,1,56,8,8,8,8,CreditCard,1
236,Auditory,2,29,4,5,4,4.333333333,CreditCard,0
237,Auditory,2,29,9,9,9,9,CreditCard,1
238,Visual,2,33,8,8,8,8,CreditCard,0
239,Visual,2,36,5,5,5,5,CreditCard,0
240,Visual,1,19,5,5,4,4.666666667,CreditCard,1
241,Auditory,2,25,9,9,9,9,CreditCard,1
242,Auditory,2,68,5,5,5,5,CreditCard,1
243,Auditory,2,51,6,6,4,5.333333333,CreditCard,1
244,Visual,1,28,3,4,2,3,CreditCard,0
245,Auditory,1,24,7,7,9,7.666666667,CreditCard,0
246,Visual,2,33,4,5,4,4.333333333,CreditCard,0
247,Visual,1,18,1,5,3,3,CreditCard,0
248,Visual,2,27,7,7,7,7,CreditCard,0
249,Auditory,1,30,3,5,2,3.333333333,CreditCard,0
250,Visual,1,19,7,7,8,7.333333333,CreditCard,1
251,Visual,1,36,6,8,5,6.333333333,CreditCard,1
252,Auditory,2,43,6,5,5,5.333333333,CreditCard,1
253,Visual,2,20,7,5,5,5.666666667,CreditCard,0
254,Auditory,2,46,5,5,5,5,CreditCard,1
255,Visual,1,33,7,6,7,6.666666667,CreditCard,0
256,Visual,1,21,5,6,4,5,CreditCard,0
257,Visual,1,46,3,3,3,3,CreditCard,0
258,Auditory,1,27,3,3,3,3,CreditCard,0
259,Visual,2,32,6,7,6,6.333333333,CreditCard,0
260,Auditory,1,20,6,7,7,6.666666667,CreditCard,1
261,Visual,1,64,6,5,1,4,CreditCard,0
262,Auditory,2,29,7,7,4,6,CreditCard,0
263,Auditory,1,23,7,8,4,6.333333333,CreditCard,0
264,Auditory,2,33,7,7,6,6.666666667,CreditCard,1
265,Auditory,2,26,9,9,9,9,CreditCard,1
266,Auditory,1,22,3,3,5,3.666666667,CreditCard,1
267,Visual,2,19,8,8,7,7.666666667,CreditCard,0
268,Visual,2,62,5,5,5,5,CreditCard,0
269,Auditory,1,21,6,5,4,5,CreditCard,0
270,Visual,1,27,8,8,4,6.666666667,CreditCard,1
271,Auditory,1,59,7,7,7,7,CreditCard,1
272,Auditory,1,45,6,5,5,5.333333333,CreditCard,0
273,Visual,1,27,8,8,8,8,CreditCard,1
274,Visual,2,50,5,5,7,5.666666667,CreditCard,0
275,Visual,1,45,2,2,2,2,CreditCard,0
276,Visual,2,49,3,4,4,3.666666667,CreditCard,0
277,Auditory,2,21,4,5,6,5,CreditCard,1
278,Auditory,2,20,7,7,6,6.666666667,CreditCard,1
279,Visual,1,38,3,5,2,3.333333333,CreditCard,0
280,Visual,2,27,9,9,9,9,CreditCard,1
281,Visual,1,36,6,6,5,5.666666667,CreditCard,1
282,Auditory,1,55,5,5,3,4.333333333,CreditCard,1
283,Auditory,2,26,6,5,5,5.333333333,CreditCard,0
284,Auditory,2,21,9,7,9,8.333333333,CreditCard,1
285,Auditory,2,28,5,5,5,5,CreditCard,0
286,Visual,1,42,7,7,7,7,CreditCard,1
287,Auditory,1,22,7,5,3,5,CreditCard,0
288,Auditory,1,47,3,3,2,2.666666667,CreditCard,0
289,Visual,2,25,6,6,5,5.666666667,CreditCard,0
290,Auditory,1,18,9,4,1,4.666666667,CreditCard,0
291,Auditory,2,73,2,1,2,1.666666667,CreditCard,0
292,Visual,2,39,7,7,7,7,CreditCard,0
293,Visual,2,43,9,8,6,7.666666667,CreditCard,0
294,Visual,3,21,5,5,5,5,CreditCard,1
295,Auditory,1,32,7,4,5,5.333333333,CreditCard,1
296,Visual,1,42,7,7,7,7,CreditCard,0
297,Visual,1,26,6,6,5,5.666666667,CreditCard,1
298,Visual,2,37,9,9,7,8.333333333,CreditCard,0
299,Auditory,2,51,4,5,5,4.666666667,CreditCard,0
300,Visual,1,26,4,5,4,4.333333333,CreditCard,0
301,Visual,1,18,7,5,6,6,CreditCard,0
302,Visual,2,25,9,9,9,9,CreditCard,0
303,Visual,2,42,8,8,8,8,CreditCard,0
304,Visual,2,18,7,7,7,7,CreditCard,1
305,Auditory,2,56,3,3,3,3,CreditCard,0
306,Auditory,1,20,6,7,4,5.666666667,CreditCard,1
307,Auditory,2,33,6,6,6,6,CreditCard,0
308,Auditory,1,26,6,7,6,6.333333333,CreditCard,1
309,Auditory,1,24,2,2,3,2.333333333,CreditCard,0
310,Auditory,2,53,3,3,3,3,CreditCard,1
311,Auditory,1,41,6,6,6,6,CreditCard,1
312,Visual,1,24,5,4,5,4.666666667,CreditCard,0
313,Visual,2,46,6,5,6,5.666666667,CreditCard,0
314,Auditory,1,37,4,4,4,4,CreditCard,0
315,Auditory,1,19,4,4,4,4,CreditCard,0
316,Auditory,1,28,8,5,5,6,CreditCard,1
317,Auditory,1,44,3,3,4,3.333333333,CreditCard,0
318,Visual,2,19,6,4,3,4.333333333,CreditCard,0
319,Visual,2,52,4,8,6,6,CreditCard,0
320,Visual,1,52,5,5,5,5,CreditCard,0
321,Visual,2,26,9,9,9,9,CreditCard,0
322,Auditory,1,32,6,5,5,5.333333333,CreditCard,0
323,Auditory,2,23,6,7,6,6.333333333,CreditCard,0
324,Visual,1,21,7,6,7,6.666666667,CreditCard,0
325,Auditory,1,72,7,7,6,6.666666667,CreditCard,1
326,Visual,1,53,6,6,6,6,CreditCard,0
327,Auditory,2,40,5,1,5,3.666666667,CreditCard,0
328,Auditory,1,51,5,3,3,3.666666667,CreditCard,0
329,Auditory,1,26,6,4,4,4.666666667,CreditCard,1
330,Visual,2,54,7,7,7,7,CreditCard,0
331,Visual,1,21,7,6,7,6.666666667,CreditCard,0
332,Auditory,1,29,4,3,6,4.333333333,CreditCard,0
333,Auditory,2,51,2,3,1,2,CreditCard,0
334,Auditory,1,66,3,5,3,3.666666667,CreditCard,1
335,Auditory,1,54,3,5,5,4.333333333,CreditCard,0
336,Visual,2,51,5,7,4,5.333333333,CreditCard,0
337,Auditory,1,32,7,7,7,7,CreditCard,1
338,Visual,2,58,7,7,6,6.666666667,CreditCard,0
339,Visual,1,43,5,6,4,5,CreditCard,0
340,Auditory,1,45,5,1,1,2.333333333,CreditCard,0
341,Auditory,1,38,4,3,2,3,CreditCard,1
342,Visual,2,31,7,7,8,7.333333333,CreditCard,0
343,Visual,2,26,7,7,7,7,CreditCard,0
344,Auditory,1,32,7,7,6,6.666666667,CreditCard,0
345,Visual,2,47,6,7,6,6.333333333,CreditCard,0
346,Auditory,1,68,3,6,5,4.666666667,CreditCard,0
347,Visual,1,24,4,5,5,4.666666667,CreditCard,0
348,Visual,1,40,5,5,6,5.333333333,CreditCard,0
349,Auditory,2,26,3,4,3,3.333333333,CreditCard,0
350,Visual,2,63,5,4,6,5,CreditCard,1
351,Visual,1,30,7,7,5,6.333333333,CreditCard,0
352,Auditory,1,27,7,5,3,5,CreditCard,0
353,Visual,1,33,2,2,1,1.666666667,CreditCard,0
354,Auditory,1,38,7,7,5,6.333333333,CreditCard,0
355,Visual,1,30,6,6,4,5.333333333,CreditCard,0
356,Visual,2,29,3,3,2,2.666666667,CreditCard,0
357,Visual,2,26,4,5,3,4,CreditCard,0
358,Auditory,2,51,3,5,3,3.666666667,CreditCard,0
359,Visual,1,30,6,7,8,7,CreditCard,0
360,Visual,2,38,5,5,5,5,CreditCard,0
361,Auditory,1,18,5,5,3,4.333333333,CreditCard,0
362,Auditory,2,18,4,5,4,4.333333333,CreditCard,0
363,Auditory,2,56,7,6,6,6.333333333,CreditCard,0
364,Visual,1,23,8,8,7,7.666666667,CreditCard,1
365,Auditory,1,22,6,5,4,5,CreditCard,0
366,Visual,2,48,1,5,1,2.333333333,CreditCard,0
367,Auditory,1,29,6,7,6,6.333333333,CreditCard,1
368,Auditory,2,62,6,6,5,5.666666667,CreditCard,0
369,Auditory,2,43,1,1,1,1,CreditCard,0
370,Auditory,2,21,3,5,5,4.333333333,CreditCard,1
371,Auditory,2,31,5,2,2,3,CreditCard,0
372,Auditory,1,27,6,5,5,5.333333333,CreditCard,0
373,Visual,1,31,5,5,5,5,CreditCard,0
374,Visual,1,25,8,8,8,8,CreditCard,0
375,Visual,2,43,5,5,5,5,CreditCard,0
376,Visual,2,69,5,7,3,5,CreditCard,1
377,Visual,2,22,6,6,4,5.333333333,CreditCard,0
378,Auditory,1,36,5,5,5,5,CreditCard,0
379,Visual,2,44,5,6,6,5.666666667,CreditCard,0
380,Auditory,1,24,6,5,4,5,CreditCard,0
381,Auditory,2,33,5,6,7,6,CreditCard,1
382,Visual,1,37,6,6,7,6.333333333,CreditCard,0
383,Visual,2,34,6,6,6,6,CreditCard,1
384,Auditory,2,31,5,5,3,4.333333333,CreditCard,0
385,Auditory,2,59,8,7,5,6.666666667,CreditCard,1
386,Visual,2,54,5,5,5,5,CreditCard,0
387,Visual,1,55,7,7,5,6.333333333,CreditCard,0
388,Auditory,2,36,5,5,5,5,CreditCard,1
389,Visual,2,20,5,5,5,5,CreditCard,0
390,Visual,2,41,5,5,5,5,CreditCard,0
391,Visual,2,35,5,6,6,5.666666667,CreditCard,1
392,Auditory,2,31,1,2,1,1.333333333,CreditCard,0
393,Visual,2,33,6,5,7,6,CreditCard,0
394,Auditory,1,42,5,4,4,4.333333333,Beer,1
395,Auditory,2,28,8,7,7,7.333333333,Beer,0
396,Visual,2,34,6,6,6,6,Beer,1
397,Auditory,1,28,7,7,7,7,Beer,1
398,Visual,2,46,8,8,8,8,Beer,0
399,Visual,1,21,4,5,4,4.333333333,Beer,0
400,Auditory,2,24,8,6,7,7,Beer,1
401,Visual,2,29,6,6,5,5.666666667,Beer,0
402,Auditory,1,64,6,5,5,5.333333333,Beer,0
403,Visual,2,26,3,5,6,4.666666667,Beer,0
404,Auditory,2,30,7,6,3,5.333333333,Beer,1
405,Visual,1,49,6,7,3,5.333333333,Beer,1
406,Visual,1,19,9,9,7,8.333333333,Beer,1
407,Auditory,2,32,7,3,7,5.666666667,Beer,0
408,Auditory,2,26,4,4,3,3.666666667,Beer,0
409,Visual,1,19,6,7,7,6.666666667,Beer,0
410,Auditory,1,34,5,5,1,3.666666667,Beer,1
411,Auditory,1,32,4,5,5,4.666666667,Beer,0
412,Visual,1,44,9,7,9,8.333333333,Beer,0
413,Visual,1,33,4,4,4,4,Beer,0
414,Visual,2,22,5,5,5,5,Beer,0
415,Auditory,2,57,8,8,5,7,Beer,1
416,Auditory,1,18,4,5,5,4.666666667,Beer,1
417,Auditory,1,18,6,4,6,5.333333333,Beer,1
418,Visual,2,24,6,5,5,5.333333333,Beer,0
419,Visual,2,22,7,7,8,7.333333333,Beer,0
420,Auditory,2,59,3,3,3,3,Beer,0
421,Visual,1,21,9,8,8,8.333333333,Beer,1
422,Auditory,2,40,8,9,8,8.333333333,Beer,0
423,Visual,2,19,9,9,9,9,Beer,1
424,Visual,1,19,3,5,5,4.333333333,Beer,0
425,Auditory,1,18,6,3,5,4.666666667,Beer,1
426,Auditory,1,32,5,5,6,5.333333333,Beer,1
427,Auditory,1,35,6,6,6,6,Beer,1
428,Auditory,2,24,6,5,4,5,Beer,1
429,Visual,2,25,9,9,9,9,Beer,1
430,Visual,1,39,3,3,3,3,Beer,0
431,Auditory,1,28,8,7,7,7.333333333,Beer,1
432,Auditory,1,35,7,7,6,6.666666667,Beer,1
433,Visual,1,27,3,2,3,2.666666667,Beer,1
434,Auditory,2,20,7,8,7,7.333333333,Beer,1
435,Visual,1,20,4,4,4,4,Beer,0
436,Visual,1,25,6,7,7,6.666666667,Beer,1
437,Visual,2,29,5,5,5,5,Beer,1
438,Visual,1,27,7,6,7,6.666666667,Beer,0
439,Visual,2,18,6,7,7,6.666666667,Beer,1
440,Auditory,1,48,8,8,5,7,Beer,1
441,Auditory,2,19,2,4,5,3.666666667,Beer,0
442,Auditory,2,68,6,5,3,4.666666667,Beer,0
443,Visual,1,41,9,9,9,9,Beer,0
444,Auditory,2,26,7,5,3,5,Beer,1
445,Visual,1,55,5,5,5,5,Beer,0
446,Auditory,2,19,3,7,7,5.666666667,Beer,0
447,Visual,1,28,6,7,5,6,Beer,1
448,Auditory,2,24,2,3,4,3,Beer,0
449,Auditory,2,33,9,7,8,8,Beer,1
450,Visual,2,36,6,6,6,6,Beer,1
451,Auditory,1,27,8,8,8,8,Beer,1
452,Visual,1,22,5,5,4,4.666666667,Beer,0
453,Auditory,2,25,4,5,5,4.666666667,Beer,1
454,Auditory,2,27,7,6,7,6.666666667,Beer,1
455,Auditory,2,27,8,7,8,7.666666667,Beer,1
456,Visual,2,28,5,5,6,5.333333333,Beer,1
457,Visual,2,30,5,6,5,5.333333333,Beer,0
458,Visual,1,44,6,6,6,6,Beer,0
459,Auditory,2,18,7,7,6,6.666666667,Beer,1
460,Visual,1,43,7,7,8,7.333333333,Beer,1
461,Auditory,2,41,6,4,4,4.666666667,Beer,0
462,Visual,1,40,6,6,6,6,Beer,1
463,Auditory,1,35,8,8,8,8,Beer,1
464,Visual,1,57,6,6,8,6.666666667,Beer,1
465,Auditory,1,26,7,7,5,6.333333333,Beer,1
466,Visual,1,32,3,2,4,3,Beer,0
467,Visual,2,19,4,4,4,4,Beer,1
468,Auditory,2,34,6,6,6,6,Beer,0
469,Visual,2,30,8,5,6,6.333333333,Beer,0
470,Auditory,1,19,5,6,6,5.666666667,Beer,1
471,Visual,1,22,3,5,3,3.666666667,Beer,0
472,Visual,1,25,6,6,6,6,Beer,0
473,Visual,1,25,2,2,2,2,Beer,0
474,Auditory,2,46,5,5,5,5,Beer,0
475,Auditory,2,27,2,3,2,2.333333333,Beer,1
476,Auditory,2,31,4,4,3,3.666666667,Beer,0
477,Visual,1,26,4,6,3,4.333333333,Beer,1
478,Auditory,1,75,6,5,3,4.666666667,Beer,0
479,Visual,1,35,6,6,4,5.333333333,Beer,0
480,Auditory,2,24,8,7,5,6.666666667,Beer,1
481,Auditory,2,55,1,1,1,1,Beer,1
482,Visual,2,19,4,5,7,5.333333333,Beer,1
483,Visual,1,26,7,6,9,7.333333333,Beer,1
484,Visual,1,25,6,6,6,6,Beer,1
485,Auditory,2,27,4,5,3,4,Beer,0
486,Visual,2,37,5,5,6,5.333333333,Beer,0
487,Auditory,1,32,6,6,3,5,Beer,1
488,Auditory,2,38,4,3,3,3.333333333,Beer,1
489,Auditory,1,27,9,9,8,8.666666667,Beer,1
490,Visual,1,29,4,6,5,5,Beer,0
491,Auditory,1,18,8,2,2,4,Beer,1
492,Visual,1,25,5,5,4,4.666666667,Beer,0
493,Visual,1,21,5,5,5,5,Beer,1
494,Auditory,1,24,9,5,8,7.333333333,Beer,1
495,Auditory,2,37,4,3,3,3.333333333,Beer,0
496,Visual,2,22,3,4,3,3.333333333,Beer,1
497,Auditory,1,40,8,8,7,7.666666667,Beer,0
498,Visual,2,30,5,5,4,4.666666667,Beer,1
499,Auditory,2,28,5,6,6,5.666666667,Beer,0
500,Visual,2,35,7,7,6,6.666666667,Beer,0
501,Visual,2,22,7,5,3,5,Beer,0
502,Auditory,2,30,3,4,3,3.333333333,Beer,0
503,Visual,2,21,4,4,1,3,Beer,0
504,Auditory,2,29,7,6,5,6,Beer,1
505,Visual,1,56,4,4,4,4,Beer,0
506,Visual,2,26,7,6,6,6.333333333,Beer,0
507,Auditory,1,26,4,4,3,3.666666667,Beer,0
508,Visual,1,41,2,6,4,4,Beer,0
509,Auditory,1,32,7,8,5,6.666666667,Beer,1
510,Auditory,1,33,3,3,5,3.666666667,Beer,0
511,Visual,2,40,7,7,7,7,Beer,0
512,Auditory,2,32,5,5,5,5,Beer,1
513,Visual,1,29,6,6,8,6.666666667,Beer,0
514,Visual,2,41,3,5,4,4,Beer,0
515,Auditory,2,35,5,3,3,3.666666667,Beer,0
516,Visual,1,37,5,5,6,5.333333333,Beer,1
517,Auditory,2,23,7,6,6,6.333333333,Beer,1
518,Visual,1,28,5,5,5,5,Beer,1
519,Auditory,1,24,6,5,5,5.333333333,Beer,0
520,Visual,1,33,3,3,4,3.333333333,Beer,1
521,Visual,2,28,3,4,5,4,Beer,0
522,Auditory,2,24,6,7,7,6.666666667,Beer,0
523,Auditory,1,37,5,5,4,4.666666667,Beer,0
524,Visual,2,51,4,6,6,5.333333333,Beer,0
525,Auditory,1,21,3,1,1,1.666666667,Beer,0
526,Auditory,2,34,2,5,5,4,Beer,0
527,Auditory,1,24,5,5,5,5,Beer,0
528,Visual,2,19,5,6,6,5.666666667,Beer,1
529,Auditory,1,25,6,6,5,5.666666667,Beer,1
530,Visual,2,54,5,5,5,5,Beer,1
531,Auditory,1,30,6,5,4,5,Beer,0
532,Auditory,2,26,6,5,2,4.333333333,Beer,0
533,Auditory,1,43,7,8,6,7,Beer,0
534,Visual,1,28,2,3,2,2.333333333,Beer,0
535,Auditory,2,20,7,6,5,6,Beer,1
536,Auditory,2,28,6,5,3,4.666666667,Beer,0
537,Visual,1,44,7,8,8,7.666666667,Beer,0
538,Visual,1,20,5,4,5,4.666666667,Beer,0
539,Visual,2,61,7,8,8,7.666666667,Beer,1
540,Visual,1,23,5,6,3,4.666666667,Beer,0
541,Auditory,1,57,6,6,5,5.666666667,Beer,1
542,Auditory,1,51,6,6,5,5.666666667,Beer,0
543,Auditory,2,24,5,6,7,6,Beer,1
544,Visual,2,28,6,6,7,6.333333333,Beer,1
545,Auditory,1,65,8,8,8,8,Beer,1
546,Auditory,2,21,6,7,5,6,Beer,1
547,Visual,1,54,6,6,5,5.666666667,Beer,0
548,Visual,2,30,7,7,7,7,Beer,1
549,Visual,1,27,2,5,3,3.333333333,Beer,1
550,Auditory,2,23,3,2,2,2.333333333,Beer,0
551,Visual,2,26,7,7,8,7.333333333,Beer,1
552,Auditory,2,29,4,5,5,4.666666667,Beer,1
553,Visual,1,20,4,5,4,4.333333333,Beer,0
554,Visual,2,30,9,7,5,7,Beer,1
555,Visual,1,27,2,3,3,2.666666667,Beer,0
556,Auditory,1,41,5,5,5,5,Beer,1
557,Visual,1,27,4,5,5,4.666666667,Beer,0
558,Visual,2,24,8,8,9,8.333333333,Beer,0
559,Visual,2,32,8,8,7,7.666666667,Beer,1
560,Visual,1,30,6,7,6,6.333333333,Beer,1
561,Visual,1,21,4,5,6,5,Beer,0
562,Visual,1,44,5,7,7,6.333333333,Beer,1
563,Auditory,1,34,2,3,2,2.333333333,Beer,1
564,Auditory,2,49,3,2,1,2,Beer,1
565,Visual,1,22,6,6,5,5.666666667,Beer,0
566,Auditory,2,37,6,6,6,6,Beer,0
567,Auditory,2,52,5,5,5,5,Beer,1
568,Auditory,2,31,5,5,3,4.333333333,Beer,1
569,Auditory,1,39,7,5,2,4.666666667,Beer,0
570,Visual,2,46,5,5,3,4.333333333,Beer,0
571,Auditory,1,59,8,8,5,7,Beer,1
572,Visual,2,21,6,5,6,5.666666667,Beer,1
573,Visual,1,18,6,6,6,6,Beer,0
574,Visual,2,47,4,4,5,4.333333333,Beer,0
575,Auditory,1,58,6,6,4,5.333333333,Beer,0
576,Visual,1,32,5,5,5,5,Beer,0
577,Auditory,1,49,7,7,7,7,Beer,1
578,Visual,2,26,7,6,6,6.333333333,Beer,0
579,Auditory,2,20,5,4,9,6,Beer,0
580,Visual,2,21,9,9,9,9,Beer,0
581,Auditory,2,22,5,5,5,5,Beer,0
582,Auditory,1,24,6,7,6,6.333333333,Beer,1
583,Auditory,1,33,6,5,4,5,Beer,0
584,Visual,2,34,2,5,5,4,Beer,0
585,Auditory,2,33,5,1,2,2.666666667,Beer,0
586,Auditory,1,25,7,7,6,6.666666667,Beer,1
587,Auditory,1,44,5,4,4,4.333333333,Beer,1
588,Visual,2,35,8,8,9,8.333333333,Beer,1
589,Auditory,1,20,5,5,4,4.666666667,Beer,1
590,Visual,1,19,6,5,4,5,Beer,0
591,Visual,2,41,5,5,5,5,Beer,1
592,Auditory,2,21,7,5,7,6.333333333,Beer,1
593,Auditory,2,34,1,1,1,1,Beer,0
594,Visual,2,26,7,3,3,4.333333333,Beer,1
595,Visual,1,44,7,7,7,7,Beer,1
596,Auditory,1,47,4,4,4,4,Beer,1
597,Visual,1,42,9,7,8,8,Beer,1
598,Visual,1,38,4,5,3,4,Beer,0
599,Auditory,2,45,5,5,5,5,Beer,0
600,Auditory,2,32,9,9,1,6.333333333,Beer,1
601,Auditory,1,37,2,2,2,2,Beer,0
602,Auditory,2,52,8,8,8,8,Beer,1
603,Visual,2,33,9,9,9,9,Beer,1
604,Auditory,1,19,4,4,7,5,Beer,0
605,Visual,1,36,5,5,5,5,Beer,0
606,Visual,2,20,3,5,3,3.666666667,Beer,0
607,Auditory,2,43,7,7,7,7,Beer,0
608,Visual,1,22,4,4,8,5.333333333,Beer,1
609,Auditory,1,44,6,4,4,4.666666667,Beer,1
610,Visual,2,30,5,5,7,5.666666667,Beer,1
611,Visual,1,26,7,6,6,6.333333333,Beer,0
612,Auditory,2,35,5,6,1,4,Beer,0
613,Visual,1,23,7,7,7,7,Beer,1
614,Auditory,2,29,6,4,5,5,Beer,1
615,Visual,2,28,5,5,5,5,Beer,0
616,Auditory,2,21,6,7,3,5.333333333,Beer,0
617,Visual,1,18,5,5,5,5,Beer,0
618,Auditory,2,30,3,5,4,4,Beer,0
619,Auditory,1,68,5,5,5,5,Beer,0
620,Visual,1,25,5,4,5,4.666666667,Beer,1
621,Auditory,1,41,3,5,5,4.333333333,Beer,0
622,Auditory,2,31,3,5,3,3.666666667,Beer,0
623,Visual,1,38,6,5,6,5.666666667,Beer,0
624,Visual,1,41,7,7,6,6.666666667,Beer,0
625,Visual,1,31,7,7,7,7,Beer,0
626,Auditory,1,25,6,5,5,5.333333333,Beer,0
627,Auditory,1,31,7,7,7,7,Beer,1
628,Auditory,1,56,8,8,8,8,Beer,1
629,Auditory,2,29,4,5,4,4.333333333,Beer,0
630,Auditory,2,29,9,9,9,9,Beer,1
631,Visual,2,33,8,8,8,8,Beer,0
632,Visual,2,36,5,5,5,5,Beer,1
633,Visual,1,19,5,5,4,4.666666667,Beer,1
634,Auditory,2,25,9,9,9,9,Beer,1
635,Auditory,2,68,5,5,5,5,Beer,1
636,Auditory,2,51,6,6,4,5.333333333,Beer,0
637,Visual,1,28,3,4,2,3,Beer,0
638,Auditory,1,24,7,7,9,7.666666667,Beer,0
639,Visual,2,33,4,5,4,4.333333333,Beer,0
640,Visual,1,18,1,5,3,3,Beer,0
641,Visual,2,27,7,7,7,7,Beer,0
642,Auditory,1,30,3,5,2,3.333333333,Beer,0
643,Visual,1,19,7,7,8,7.333333333,Beer,1
644,Visual,1,36,6,8,5,6.333333333,Beer,1
645,Auditory,2,43,6,5,5,5.333333333,Beer,1
646,Visual,2,20,7,5,5,5.666666667,Beer,0
647,Auditory,2,46,5,5,5,5,Beer,1
648,Visual,1,33,7,6,7,6.666666667,Beer,0
649,Visual,1,21,5,6,4,5,Beer,1
650,Visual,1,46,3,3,3,3,Beer,1
651,Auditory,1,27,3,3,3,3,Beer,0
652,Visual,2,32,6,7,6,6.333333333,Beer,0
653,Auditory,1,20,6,7,7,6.666666667,Beer,1
654,Visual,1,64,6,5,1,4,Beer,0
655,Auditory,2,29,7,7,4,6,Beer,0
656,Auditory,1,23,7,8,4,6.333333333,Beer,1
657,Auditory,2,33,7,7,6,6.666666667,Beer,1
658,Auditory,2,26,9,9,9,9,Beer,1
659,Auditory,1,22,3,3,5,3.666666667,Beer,0
660,Visual,2,19,8,8,7,7.666666667,Beer,1
661,Visual,2,62,5,5,5,5,Beer,0
662,Auditory,1,21,6,5,4,5,Beer,0
663,Visual,1,27,8,8,4,6.666666667,Beer,0
664,Auditory,1,59,7,7,7,7,Beer,0
665,Auditory,1,45,6,5,5,5.333333333,Beer,0
666,Visual,1,27,8,8,8,8,Beer,1
667,Visual,2,50,5,5,7,5.666666667,Beer,0
668,Visual,1,45,2,2,2,2,Beer,0
669,Visual,2,49,3,4,4,3.666666667,Beer,0
670,Auditory,2,21,4,5,6,5,Beer,1
671,Auditory,2,20,7,7,6,6.666666667,Beer,1
672,Visual,1,38,3,5,2,3.333333333,Beer,0
673,Visual,2,27,9,9,9,9,Beer,1
674,Visual,1,36,6,6,5,5.666666667,Beer,0
675,Auditory,1,55,5,5,3,4.333333333,Beer,0
676,Auditory,2,26,6,5,5,5.333333333,Beer,0
677,Auditory,2,21,9,7,9,8.333333333,Beer,1
678,Auditory,2,28,5,5,5,5,Beer,0
679,Visual,1,42,7,7,7,7,Beer,1
680,Auditory,1,22,7,5,3,5,Beer,1
681,Auditory,1,47,3,3,2,2.666666667,Beer,0
682,Visual,2,25,6,6,5,5.666666667,Beer,0
683,Auditory,1,18,9,4,1,4.666666667,Beer,1
684,Auditory,2,73,2,1,2,1.666666667,Beer,1
685,Visual,2,39,7,7,7,7,Beer,1
686,Visual,2,43,9,8,6,7.666666667,Beer,0
687,Visual,3,21,5,5,5,5,Beer,1
688,Auditory,1,32,7,4,5,5.333333333,Beer,1
689,Visual,1,42,7,7,7,7,Beer,0
690,Visual,1,26,6,6,5,5.666666667,Beer,0
691,Visual,2,37,9,9,7,8.333333333,Beer,0
692,Auditory,2,51,4,5,5,4.666666667,Beer,1
693,Visual,1,26,4,5,4,4.333333333,Beer,0
694,Visual,1,18,7,5,6,6,Beer,0
695,Visual,2,25,9,9,9,9,Beer,0
696,Visual,2,42,8,8,8,8,Beer,1
697,Visual,2,18,7,7,7,7,Beer,1
698,Auditory,2,56,3,3,3,3,Beer,0
699,Auditory,1,20,6,7,4,5.666666667,Beer,1
700,Auditory,2,33,6,6,6,6,Beer,0
701,Auditory,1,26,6,7,6,6.333333333,Beer,1
702,Auditory,1,24,2,2,3,2.333333333,Beer,0
703,Auditory,2,53,3,3,3,3,Beer,1
704,Auditory,1,41,6,6,6,6,Beer,1
705,Visual,1,24,5,4,5,4.666666667,Beer,1
706,Visual,2,46,6,5,6,5.666666667,Beer,1
707,Auditory,1,37,4,4,4,4,Beer,1
708,Auditory,1,19,4,4,4,4,Beer,0
709,Auditory,1,28,8,5,5,6,Beer,0
710,Auditory,1,44,3,3,4,3.333333333,Beer,1
711,Visual,2,19,6,4,3,4.333333333,Beer,0
712,Visual,2,52,4,8,6,6,Beer,0
713,Visual,1,52,5,5,5,5,Beer,1
714,Visual,2,26,9,9,9,9,Beer,1
715,Auditory,1,32,6,5,5,5.333333333,Beer,0
716,Auditory,2,23,6,7,6,6.333333333,Beer,0
717,Visual,1,21,7,6,7,6.666666667,Beer,0
718,Auditory,1,72,7,7,6,6.666666667,Beer,0
719,Visual,1,53,6,6,6,6,Beer,1
720,Auditory,2,40,5,1,5,3.666666667,Beer,0
721,Auditory,1,51,5,3,3,3.666666667,Beer,1
722,Auditory,1,26,6,4,4,4.666666667,Beer,1
723,Visual,2,54,7,7,7,7,Beer,1
724,Visual,1,21,7,6,7,6.666666667,Beer,0
725,Auditory,1,29,4,3,6,4.333333333,Beer,0
726,Auditory,2,51,2,3,1,2,Beer,0
727,Auditory,1,66,3,5,3,3.666666667,Beer,0
728,Auditory,1,54,3,5,5,4.333333333,Beer,0
729,Visual,2,51,5,7,4,5.333333333,Beer,0
730,Auditory,1,32,7,7,7,7,Beer,1
731,Visual,2,58,7,7,6,6.666666667,Beer,1
732,Visual,1,43,5,6,4,5,Beer,0
733,Auditory,1,45,5,1,1,2.333333333,Beer,0
734,Auditory,1,38,4,3,2,3,Beer,0
735,Visual,2,31,7,7,8,7.333333333,Beer,1
736,Visual,2,26,7,7,7,7,Beer,0
737,Auditory,1,32,7,7,6,6.666666667,Beer,0
738,Visual,2,47,6,7,6,6.333333333,Beer,1
739,Auditory,1,68,3,6,5,4.666666667,Beer,0
740,Visual,1,24,4,5,5,4.666666667,Beer,0
741,Visual,1,40,5,5,6,5.333333333,Beer,0
742,Auditory,2,26,3,4,3,3.333333333,Beer,0
743,Visual,2,63,5,4,6,5,Beer,1
744,Visual,1,30,7,7,5,6.333333333,Beer,0
745,Auditory,1,27,7,5,3,5,Beer,0
746,Visual,1,33,2,2,1,1.666666667,Beer,0
747,Auditory,1,38,7,7,5,6.333333333,Beer,1
748,Visual,1,30,6,6,4,5.333333333,Beer,1
749,Visual,2,29,3,3,2,2.666666667,Beer,0
750,Visual,2,26,4,5,3,4,Beer,0
751,Auditory,2,51,3,5,3,3.666666667,Beer,1
752,Visual,1,30,6,7,8,7,Beer,1
753,Visual,2,38,5,5,5,5,Beer,0
754,Auditory,1,18,5,5,3,4.333333333,Beer,0
755,Auditory,2,18,4,5,4,4.333333333,Beer,0
756,Auditory,2,56,7,6,6,6.333333333,Beer,0
757,Visual,1,23,8,8,7,7.666666667,Beer,1
758,Auditory,1,22,6,5,4,5,Beer,0
759,Visual,2,48,1,5,1,2.333333333,Beer,1
760,Auditory,1,29,6,7,6,6.333333333,Beer,1
761,Auditory,2,62,6,6,5,5.666666667,Beer,1
762,Auditory,2,43,1,1,1,1,Beer,0
763,Auditory,2,21,3,5,5,4.333333333,Beer,0
764,Auditory,2,31,5,2,2,3,Beer,1
765,Auditory,1,27,6,5,5,5.333333333,Beer,1
766,Visual,1,31,5,5,5,5,Beer,1
767,Visual,1,25,8,8,8,8,Beer,1
768,Visual,2,43,5,5,5,5,Beer,1
769,Visual,2,69,5,7,3,5,Beer,1
770,Visual,2,22,6,6,4,5.333333333,Beer,0
771,Auditory,1,36,5,5,5,5,Beer,0
772,Visual,2,44,5,6,6,5.666666667,Beer,1
773,Auditory,1,24,6,5,4,5,Beer,1
774,Auditory,2,33,5,6,7,6,Beer,1
775,Visual,1,37,6,6,7,6.333333333,Beer,0
776,Visual,2,34,6,6,6,6,Beer,0
777,Auditory,2,31,5,5,3,4.333333333,Beer,1
778,Auditory,2,59,8,7,5,6.666666667,Beer,1
779,Visual,2,54,5,5,5,5,Beer,0
780,Visual,1,55,7,7,5,6.333333333,Beer,0
781,Auditory,2,36,5,5,5,5,Beer,0
782,Visual,2,20,5,5,5,5,Beer,0
783,Visual,2,41,5,5,5,5,Beer,0
784,Visual,2,35,5,6,6,5.666666667,Beer,0
785,Auditory,2,31,1,2,1,1.333333333,Beer,0
786,Visual,2,33,6,5,7,6,Beer,0
787,Auditory,1,42,5,4,4,4.333333333,Restaurant,0
788,Auditory,2,28,8,7,7,7.333333333,Restaurant,0
789,Visual,2,34,6,6,6,6,Restaurant,0
790,Auditory,1,28,7,7,7,7,Restaurant,1
791,Visual,2,46,8,8,8,8,Restaurant,0
792,Visual,1,21,4,5,4,4.333333333,Restaurant,0
793,Auditory,2,24,8,6,7,7,Restaurant,1
794,Visual,2,29,6,6,5,5.666666667,Restaurant,0
795,Auditory,1,64,6,5,5,5.333333333,Restaurant,0
796,Visual,2,26,3,5,6,4.666666667,Restaurant,0
797,Auditory,2,30,7,6,3,5.333333333,Restaurant,1
798,Visual,1,49,6,7,3,5.333333333,Restaurant,0
799,Visual,1,19,9,9,7,8.333333333,Restaurant,0
800,Auditory,2,32,7,3,7,5.666666667,Restaurant,1
801,Auditory,2,26,4,4,3,3.666666667,Restaurant,0
802,Visual,1,19,6,7,7,6.666666667,Restaurant,0
803,Auditory,1,34,5,5,1,3.666666667,Restaurant,1
804,Auditory,1,32,4,5,5,4.666666667,Restaurant,0
805,Visual,1,44,9,7,9,8.333333333,Restaurant,1
806,Visual,1,33,4,4,4,4,Restaurant,1
807,Visual,2,22,5,5,5,5,Restaurant,0
808,Auditory,2,57,8,8,5,7,Restaurant,1
809,Auditory,1,18,4,5,5,4.666666667,Restaurant,0
810,Auditory,1,18,6,4,6,5.333333333,Restaurant,0
811,Visual,2,24,6,5,5,5.333333333,Restaurant,0
812,Visual,2,22,7,7,8,7.333333333,Restaurant,1
813,Auditory,2,59,3,3,3,3,Restaurant,0
814,Visual,1,21,9,8,8,8.333333333,Restaurant,0
815,Auditory,2,40,8,9,8,8.333333333,Restaurant,0
816,Visual,2,19,9,9,9,9,Restaurant,1
817,Visual,1,19,3,5,5,4.333333333,Restaurant,0
818,Auditory,1,18,6,3,5,4.666666667,Restaurant,1
819,Auditory,1,32,5,5,6,5.333333333,Restaurant,1
820,Auditory,1,35,6,6,6,6,Restaurant,0
821,Auditory,2,24,6,5,4,5,Restaurant,1
822,Visual,2,25,9,9,9,9,Restaurant,1
823,Visual,1,39,3,3,3,3,Restaurant,0
824,Auditory,1,28,8,7,7,7.333333333,Restaurant,0
825,Auditory,1,35,7,7,6,6.666666667,Restaurant,1
826,Visual,1,27,3,2,3,2.666666667,Restaurant,0
827,Auditory,2,20,7,8,7,7.333333333,Restaurant,1
828,Visual,1,20,4,4,4,4,Restaurant,0
829,Visual,1,25,6,7,7,6.666666667,Restaurant,1
830,Visual,2,29,5,5,5,5,Restaurant,0
831,Visual,1,27,7,6,7,6.666666667,Restaurant,1
832,Visual,2,18,6,7,7,6.666666667,Restaurant,0
833,Auditory,1,48,8,8,5,7,Restaurant,1
834,Auditory,2,19,2,4,5,3.666666667,Restaurant,0
835,Auditory,2,68,6,5,3,4.666666667,Restaurant,1
836,Visual,1,41,9,9,9,9,Restaurant,1
837,Auditory,2,26,7,5,3,5,Restaurant,0
838,Visual,1,55,5,5,5,5,Restaurant,0
839,Auditory,2,19,3,7,7,5.666666667,Restaurant,0
840,Visual,1,28,6,7,5,6,Restaurant,1
841,Auditory,2,24,2,3,4,3,Restaurant,0
842,Auditory,2,33,9,7,8,8,Restaurant,1
843,Visual,2,36,6,6,6,6,Restaurant,0
844,Auditory,1,27,8,8,8,8,Restaurant,1
845,Visual,1,22,5,5,4,4.666666667,Restaurant,0
846,Auditory,2,25,4,5,5,4.666666667,Restaurant,0
847,Auditory,2,27,7,6,7,6.666666667,Restaurant,1
848,Auditory,2,27,8,7,8,7.666666667,Restaurant,1
849,Visual,2,28,5,5,6,5.333333333,Restaurant,0
850,Visual,2,30,5,6,5,5.333333333,Restaurant,0
851,Visual,1,44,6,6,6,6,Restaurant,0
852,Auditory,2,18,7,7,6,6.666666667,Restaurant,1
853,Visual,1,43,7,7,8,7.333333333,Restaurant,1
854,Auditory,2,41,6,4,4,4.666666667,Restaurant,0
855,Visual,1,40,6,6,6,6,Restaurant,0
856,Auditory,1,35,8,8,8,8,Restaurant,1
857,Visual,1,57,6,6,8,6.666666667,Restaurant,0
858,Auditory,1,26,7,7,5,6.333333333,Restaurant,0
859,Visual,1,32,3,2,4,3,Restaurant,0
860,Visual,2,19,4,4,4,4,Restaurant,1
861,Auditory,2,34,6,6,6,6,Restaurant,0
862,Visual,2,30,8,5,6,6.333333333,Restaurant,1
863,Auditory,1,19,5,6,6,5.666666667,Restaurant,1
864,Visual,1,22,3,5,3,3.666666667,Restaurant,0
865,Visual,1,25,6,6,6,6,Restaurant,0
866,Visual,1,25,2,2,2,2,Restaurant,0
867,Auditory,2,46,5,5,5,5,Restaurant,0
868,Auditory,2,27,2,3,2,2.333333333,Restaurant,1
869,Auditory,2,31,4,4,3,3.666666667,Restaurant,0
870,Visual,1,26,4,6,3,4.333333333,Restaurant,1
871,Auditory,1,75,6,5,3,4.666666667,Restaurant,0
872,Visual,1,35,6,6,4,5.333333333,Restaurant,0
873,Auditory,2,24,8,7,5,6.666666667,Restaurant,1
874,Auditory,2,55,1,1,1,1,Restaurant,0
875,Visual,2,19,4,5,7,5.333333333,Restaurant,0
876,Visual,1,26,7,6,9,7.333333333,Restaurant,1
877,Visual,1,25,6,6,6,6,Restaurant,1
878,Auditory,2,27,4,5,3,4,Restaurant,0
879,Visual,2,37,5,5,6,5.333333333,Restaurant,1
880,Auditory,1,32,6,6,3,5,Restaurant,1
881,Auditory,2,38,4,3,3,3.333333333,Restaurant,0
882,Auditory,1,27,9,9,8,8.666666667,Restaurant,1
883,Visual,1,29,4,6,5,5,Restaurant,0
884,Auditory,1,18,8,2,2,4,Restaurant,1
885,Visual,1,25,5,5,4,4.666666667,Restaurant,0
886,Visual,1,21,5,5,5,5,Restaurant,1
887,Auditory,1,24,9,5,8,7.333333333,Restaurant,1
888,Auditory,2,37,4,3,3,3.333333333,Restaurant,0
889,Visual,2,22,3,4,3,3.333333333,Restaurant,0
890,Auditory,1,40,8,8,7,7.666666667,Restaurant,1
891,Visual,2,30,5,5,4,4.666666667,Restaurant,0
892,Auditory,2,28,5,6,6,5.666666667,Restaurant,1
893,Visual,2,35,7,7,6,6.666666667,Restaurant,0
894,Visual,2,22,7,5,3,5,Restaurant,0
895,Auditory,2,30,3,4,3,3.333333333,Restaurant,0
896,Visual,2,21,4,4,1,3,Restaurant,0
897,Auditory,2,29,7,6,5,6,Restaurant,1
898,Visual,1,56,4,4,4,4,Restaurant,0
899,Visual,2,26,7,6,6,6.333333333,Restaurant,0
900,Auditory,1,26,4,4,3,3.666666667,Restaurant,0
901,Visual,1,41,2,6,4,4,Restaurant,0
902,Auditory,1,32,7,8,5,6.666666667,Restaurant,0
903,Auditory,1,33,3,3,5,3.666666667,Restaurant,1
904,Visual,2,40,7,7,7,7,Restaurant,0
905,Auditory,2,32,5,5,5,5,Restaurant,0
906,Visual,1,29,6,6,8,6.666666667,Restaurant,0
907,Visual,2,41,3,5,4,4,Restaurant,1
908,Auditory,2,35,5,3,3,3.666666667,Restaurant,0
909,Visual,1,37,5,5,6,5.333333333,Restaurant,0
910,Auditory,2,23,7,6,6,6.333333333,Restaurant,0
911,Visual,1,28,5,5,5,5,Restaurant,0
912,Auditory,1,24,6,5,5,5.333333333,Restaurant,1
913,Visual,1,33,3,3,4,3.333333333,Restaurant,0
914,Visual,2,28,3,4,5,4,Restaurant,0
915,Auditory,2,24,6,7,7,6.666666667,Restaurant,0
916,Auditory,1,37,5,5,4,4.666666667,Restaurant,0
917,Visual,2,51,4,6,6,5.333333333,Restaurant,0
918,Auditory,1,21,3,1,1,1.666666667,Restaurant,0
919,Auditory,2,34,2,5,5,4,Restaurant,0
920,Auditory,1,24,5,5,5,5,Restaurant,0
921,Visual,2,19,5,6,6,5.666666667,Restaurant,1
922,Auditory,1,25,6,6,5,5.666666667,Restaurant,1
923,Visual,2,54,5,5,5,5,Restaurant,0
924,Auditory,1,30,6,5,4,5,Restaurant,0
925,Auditory,2,26,6,5,2,4.333333333,Restaurant,1
926,Auditory,1,43,7,8,6,7,Restaurant,1
927,Visual,1,28,2,3,2,2.333333333,Restaurant,0
928,Auditory,2,20,7,6,5,6,Restaurant,1
929,Auditory,2,28,6,5,3,4.666666667,Restaurant,0
930,Visual,1,44,7,8,8,7.666666667,Restaurant,0
931,Visual,1,20,5,4,5,4.666666667,Restaurant,0
932,Visual,2,61,7,8,8,7.666666667,Restaurant,1
933,Visual,1,23,5,6,3,4.666666667,Restaurant,0
934,Auditory,1,57,6,6,5,5.666666667,Restaurant,0
935,Auditory,1,51,6,6,5,5.666666667,Restaurant,1
936,Auditory,2,24,5,6,7,6,Restaurant,1
937,Visual,2,28,6,6,7,6.333333333,Restaurant,0
938,Auditory,1,65,8,8,8,8,Restaurant,0
939,Auditory,2,21,6,7,5,6,Restaurant,1
940,Visual,1,54,6,6,5,5.666666667,Restaurant,0
941,Visual,2,30,7,7,7,7,Restaurant,0
942,Visual,1,27,2,5,3,3.333333333,Restaurant,0
943,Auditory,2,23,3,2,2,2.333333333,Restaurant,0
944,Visual,2,26,7,7,8,7.333333333,Restaurant,0
945,Auditory,2,29,4,5,5,4.666666667,Restaurant,0
946,Visual,1,20,4,5,4,4.333333333,Restaurant,0
947,Visual,2,30,9,7,5,7,Restaurant,1
948,Visual,1,27,2,3,3,2.666666667,Restaurant,0
949,Auditory,1,41,5,5,5,5,Restaurant,1
950,Visual,1,27,4,5,5,4.666666667,Restaurant,0
951,Visual,2,24,8,8,9,8.333333333,Restaurant,1
952,Visual,2,32,8,8,7,7.666666667,Restaurant,1
953,Visual,1,30,6,7,6,6.333333333,Restaurant,1
954,Visual,1,21,4,5,6,5,Restaurant,0
955,Visual,1,44,5,7,7,6.333333333,Restaurant,1
956,Auditory,1,34,2,3,2,2.333333333,Restaurant,0
957,Auditory,2,49,3,2,1,2,Restaurant,1
958,Visual,1,22,6,6,5,5.666666667,Restaurant,0
959,Auditory,2,37,6,6,6,6,Restaurant,0
960,Auditory,2,52,5,5,5,5,Restaurant,0
961,Auditory,2,31,5,5,3,4.333333333,Restaurant,0
962,Auditory,1,39,7,5,2,4.666666667,Restaurant,0
963,Visual,2,46,5,5,3,4.333333333,Restaurant,0
964,Auditory,1,59,8,8,5,7,Restaurant,0
965,Visual,2,21,6,5,6,5.666666667,Restaurant,0
966,Visual,1,18,6,6,6,6,Restaurant,0
967,Visual,2,47,4,4,5,4.333333333,Restaurant,0
968,Auditory,1,58,6,6,4,5.333333333,Restaurant,1
969,Visual,1,32,5,5,5,5,Restaurant,1
970,Auditory,1,49,7,7,7,7,Restaurant,1
971,Visual,2,26,7,6,6,6.333333333,Restaurant,1
972,Auditory,2,20,5,4,9,6,Restaurant,0
973,Visual,2,21,9,9,9,9,Restaurant,0
974,Auditory,2,22,5,5,5,5,Restaurant,0
975,Auditory,1,24,6,7,6,6.333333333,Restaurant,1
976,Auditory,1,33,6,5,4,5,Restaurant,0
977,Visual,2,34,2,5,5,4,Restaurant,0
978,Auditory,2,33,5,1,2,2.666666667,Restaurant,0
979,Auditory,1,25,7,7,6,6.666666667,Restaurant,1
980,Auditory,1,44,5,4,4,4.333333333,Restaurant,0
981,Visual,2,35,8,8,9,8.333333333,Restaurant,0
982,Auditory,1,20,5,5,4,4.666666667,Restaurant,1
983,Visual,1,19,6,5,4,5,Restaurant,0
984,Visual,2,41,5,5,5,5,Restaurant,0
985,Auditory,2,21,7,5,7,6.333333333,Restaurant,1
986,Auditory,2,34,1,1,1,1,Restaurant,0
987,Visual,2,26,7,3,3,4.333333333,Restaurant,0
988,Visual,1,44,7,7,7,7,Restaurant,1
989,Auditory,1,47,4,4,4,4,Restaurant,1
990,Visual,1,42,9,7,8,8,Restaurant,1
991,Visual,1,38,4,5,3,4,Restaurant,0
992,Auditory,2,45,5,5,5,5,Restaurant,0
993,Auditory,2,32,9,9,1,6.333333333,Restaurant,1
994,Auditory,1,37,2,2,2,2,Restaurant,1
995,Auditory,2,52,8,8,8,8,Restaurant,1
996,Visual,2,33,9,9,9,9,Restaurant,1
997,Auditory,1,19,4,4,7,5,Restaurant,0
998,Visual,1,36,5,5,5,5,Restaurant,1
999,Visual,2,20,3,5,3,3.666666667,Restaurant,0
1000,Auditory,2,43,7,7,7,7,Restaurant,0
1001,Visual,1,22,4,4,8,5.333333333,Restaurant,0
1002,Auditory,1,44,6,4,4,4.666666667,Restaurant,0
1003,Visual,2,30,5,5,7,5.666666667,Restaurant,0
1004,Visual,1,26,7,6,6,6.333333333,Restaurant,0
1005,Auditory,2,35,5,6,1,4,Restaurant,0
1006,Visual,1,23,7,7,7,7,Restaurant,1
1007,Auditory,2,29,6,4,5,5,Restaurant,1
1008,Visual,2,28,5,5,5,5,Restaurant,0
1009,Auditory,2,21,6,7,3,5.333333333,Restaurant,0
1010,Visual,1,18,5,5,5,5,Restaurant,0
1011,Auditory,2,30,3,5,4,4,Restaurant,0
1012,Auditory,1,68,5,5,5,5,Restaurant,0
1013,Visual,1,25,5,4,5,4.666666667,Restaurant,0
1014,Auditory,1,41,3,5,5,4.333333333,Restaurant,0
1015,Auditory,2,31,3,5,3,3.666666667,Restaurant,0
1016,Visual,1,38,6,5,6,5.666666667,Restaurant,0
1017,Visual,1,41,7,7,6,6.666666667,Restaurant,1
1018,Visual,1,31,7,7,7,7,Restaurant,1
1019,Auditory,1,25,6,5,5,5.333333333,Restaurant,0
1020,Auditory,1,31,7,7,7,7,Restaurant,1
1021,Auditory,1,56,8,8,8,8,Restaurant,1
1022,Auditory,2,29,4,5,4,4.333333333,Restaurant,1
1023,Auditory,2,29,9,9,9,9,Restaurant,1
1024,Visual,2,33,8,8,8,8,Restaurant,0
1025,Visual,2,36,5,5,5,5,Restaurant,0
1026,Visual,1,19,5,5,4,4.666666667,Restaurant,1
1027,Auditory,2,25,9,9,9,9,Restaurant,1
1028,Auditory,2,68,5,5,5,5,Restaurant,0
1029,Auditory,2,51,6,6,4,5.333333333,Restaurant,0
1030,Visual,1,28,3,4,2,3,Restaurant,0
1031,Auditory,1,24,7,7,9,7.666666667,Restaurant,0
1032,Visual,2,33,4,5,4,4.333333333,Restaurant,0
1033,Visual,1,18,1,5,3,3,Restaurant,0
1034,Visual,2,27,7,7,7,7,Restaurant,0
1035,Auditory,1,30,3,5,2,3.333333333,Restaurant,0
1036,Visual,1,19,7,7,8,7.333333333,Restaurant,1
1037,Visual,1,36,6,8,5,6.333333333,Restaurant,1
1038,Auditory,2,43,6,5,5,5.333333333,Restaurant,1
1039,Visual,2,20,7,5,5,5.666666667,Restaurant,0
1040,Auditory,2,46,5,5,5,5,Restaurant,0
1041,Visual,1,33,7,6,7,6.666666667,Restaurant,0
1042,Visual,1,21,5,6,4,5,Restaurant,0
1043,Visual,1,46,3,3,3,3,Restaurant,0
1044,Auditory,1,27,3,3,3,3,Restaurant,0
1045,Visual,2,32,6,7,6,6.333333333,Restaurant,0
1046,Auditory,1,20,6,7,7,6.666666667,Restaurant,0
1047,Visual,1,64,6,5,1,4,Restaurant,0
1048,Auditory,2,29,7,7,4,6,Restaurant,0
1049,Auditory,1,23,7,8,4,6.333333333,Restaurant,0
1050,Auditory,2,33,7,7,6,6.666666667,Restaurant,1
1051,Auditory,2,26,9,9,9,9,Restaurant,0
1052,Auditory,1,22,3,3,5,3.666666667,Restaurant,0
1053,Visual,2,19,8,8,7,7.666666667,Restaurant,0
1054,Visual,2,62,5,5,5,5,Restaurant,0
1055,Auditory,1,21,6,5,4,5,Restaurant,0
1056,Visual,1,27,8,8,4,6.666666667,Restaurant,0
1057,Auditory,1,59,7,7,7,7,Restaurant,0
1058,Auditory,1,45,6,5,5,5.333333333,Restaurant,1
1059,Visual,1,27,8,8,8,8,Restaurant,1
1060,Visual,2,50,5,5,7,5.666666667,Restaurant,0
1061,Visual,1,45,2,2,2,2,Restaurant,0
1062,Visual,2,49,3,4,4,3.666666667,Restaurant,0
1063,Auditory,2,21,4,5,6,5,Restaurant,1
1064,Auditory,2,20,7,7,6,6.666666667,Restaurant,1
1065,Visual,1,38,3,5,2,3.333333333,Restaurant,1
1066,Visual,2,27,9,9,9,9,Restaurant,1
1067,Visual,1,36,6,6,5,5.666666667,Restaurant,0
1068,Auditory,1,55,5,5,3,4.333333333,Restaurant,0
1069,Auditory,2,26,6,5,5,5.333333333,Restaurant,0
1070,Auditory,2,21,9,7,9,8.333333333,Restaurant,1
1071,Auditory,2,28,5,5,5,5,Restaurant,0
1072,Visual,1,42,7,7,7,7,Restaurant,1
1073,Auditory,1,22,7,5,3,5,Restaurant,0
1074,Auditory,1,47,3,3,2,2.666666667,Restaurant,0
1075,Visual,2,25,6,6,5,5.666666667,Restaurant,1
1076,Auditory,1,18,9,4,1,4.666666667,Restaurant,0
1077,Auditory,2,73,2,1,2,1.666666667,Restaurant,0
1078,Visual,2,39,7,7,7,7,Restaurant,0
1079,Visual,2,43,9,8,6,7.666666667,Restaurant,0
1080,Visual,3,21,5,5,5,5,Restaurant,1
1081,Auditory,1,32,7,4,5,5.333333333,Restaurant,1
1082,Visual,1,42,7,7,7,7,Restaurant,1
1083,Visual,1,26,6,6,5,5.666666667,Restaurant,1
1084,Visual,2,37,9,9,7,8.333333333,Restaurant,0
1085,Auditory,2,51,4,5,5,4.666666667,Restaurant,1
1086,Visual,1,26,4,5,4,4.333333333,Restaurant,0
1087,Visual,1,18,7,5,6,6,Restaurant,1
1088,Visual,2,25,9,9,9,9,Restaurant,1
1089,Visual,2,42,8,8,8,8,Restaurant,1
1090,Visual,2,18,7,7,7,7,Restaurant,1
1091,Auditory,2,56,3,3,3,3,Restaurant,1
1092,Auditory,1,20,6,7,4,5.666666667,Restaurant,0
1093,Auditory,2,33,6,6,6,6,Restaurant,0
1094,Auditory,1,26,6,7,6,6.333333333,Restaurant,1
1095,Auditory,1,24,2,2,3,2.333333333,Restaurant,0
1096,Auditory,2,53,3,3,3,3,Restaurant,1
1097,Auditory,1,41,6,6,6,6,Restaurant,1
1098,Visual,1,24,5,4,5,4.666666667,Restaurant,1
1099,Visual,2,46,6,5,6,5.666666667,Restaurant,0
1100,Auditory,1,37,4,4,4,4,Restaurant,0
1101,Auditory,1,19,4,4,4,4,Restaurant,0
1102,Auditory,1,28,8,5,5,6,Restaurant,0
1103,Auditory,1,44,3,3,4,3.333333333,Restaurant,0
1104,Visual,2,19,6,4,3,4.333333333,Restaurant,0
1105,Visual,2,52,4,8,6,6,Restaurant,0
1106,Visual,1,52,5,5,5,5,Restaurant,0
1107,Visual,2,26,9,9,9,9,Restaurant,1
1108,Auditory,1,32,6,5,5,5.333333333,Restaurant,0
1109,Auditory,2,23,6,7,6,6.333333333,Restaurant,0
1110,Visual,1,21,7,6,7,6.666666667,Restaurant,0
1111,Auditory,1,72,7,7,6,6.666666667,Restaurant,0
1112,Visual,1,53,6,6,6,6,Restaurant,0
1113,Auditory,2,40,5,1,5,3.666666667,Restaurant,0
1114,Auditory,1,51,5,3,3,3.666666667,Restaurant,0
1115,Auditory,1,26,6,4,4,4.666666667,Restaurant,1
1116,Visual,2,54,7,7,7,7,Restaurant,1
1117,Visual,1,21,7,6,7,6.666666667,Restaurant,1
1118,Auditory,1,29,4,3,6,4.333333333,Restaurant,0
1119,Auditory,2,51,2,3,1,2,Restaurant,0
1120,Auditory,1,66,3,5,3,3.666666667,Restaurant,0
1121,Auditory,1,54,3,5,5,4.333333333,Restaurant,0
1122,Visual,2,51,5,7,4,5.333333333,Restaurant,0
1123,Auditory,1,32,7,7,7,7,Restaurant,1
1124,Visual,2,58,7,7,6,6.666666667,Restaurant,1
1125,Visual,1,43,5,6,4,5,Restaurant,1
1126,Auditory,1,45,5,1,1,2.333333333,Restaurant,0
1127,Auditory,1,38,4,3,2,3,Restaurant,0
1128,Visual,2,31,7,7,8,7.333333333,Restaurant,0
1129,Visual,2,26,7,7,7,7,Restaurant,1
1130,Auditory,1,32,7,7,6,6.666666667,Restaurant,0
1131,Visual,2,47,6,7,6,6.333333333,Restaurant,0
1132,Auditory,1,68,3,6,5,4.666666667,Restaurant,0
1133,Visual,1,24,4,5,5,4.666666667,Restaurant,0
1134,Visual,1,40,5,5,6,5.333333333,Restaurant,0
1135,Auditory,2,26,3,4,3,3.333333333,Restaurant,0
1136,Visual,2,63,5,4,6,5,Restaurant,0
1137,Visual,1,30,7,7,5,6.333333333,Restaurant,0
1138,Auditory,1,27,7,5,3,5,Restaurant,1
1139,Visual,1,33,2,2,1,1.666666667,Restaurant,0
1140,Auditory,1,38,7,7,5,6.333333333,Restaurant,1
1141,Visual,1,30,6,6,4,5.333333333,Restaurant,0
1142,Visual,2,29,3,3,2,2.666666667,Restaurant,0
1143,Visual,2,26,4,5,3,4,Restaurant,0
1144,Auditory,2,51,3,5,3,3.666666667,Restaurant,0
1145,Visual,1,30,6,7,8,7,Restaurant,0
1146,Visual,2,38,5,5,5,5,Restaurant,0
1147,Auditory,1,18,5,5,3,4.333333333,Restaurant,0
1148,Auditory,2,18,4,5,4,4.333333333,Restaurant,0
1149,Auditory,2,56,7,6,6,6.333333333,Restaurant,1
1150,Visual,1,23,8,8,7,7.666666667,Restaurant,0
1151,Auditory,1,22,6,5,4,5,Restaurant,0
1152,Visual,2,48,1,5,1,2.333333333,Restaurant,0
1153,Auditory,1,29,6,7,6,6.333333333,Restaurant,1
1154,Auditory,2,62,6,6,5,5.666666667,Restaurant,0
1155,Auditory,2,43,1,1,1,1,Restaurant,0
1156,Auditory,2,21,3,5,5,4.333333333,Restaurant,0
1157,Auditory,2,31,5,2,2,3,Restaurant,0
1158,Auditory,1,27,6,5,5,5.333333333,Restaurant,0
1159,Visual,1,31,5,5,5,5,Restaurant,0
1160,Visual,1,25,8,8,8,8,Restaurant,0
1161,Visual,2,43,5,5,5,5,Restaurant,0
1162,Visual,2,69,5,7,3,5,Restaurant,0
1163,Visual,2,22,6,6,4,5.333333333,Restaurant,0
1164,Auditory,1,36,5,5,5,5,Restaurant,0
1165,Visual,2,44,5,6,6,5.666666667,Restaurant,0
1166,Auditory,1,24,6,5,4,5,Restaurant,0
1167,Auditory,2,33,5,6,7,6,Restaurant,1
1168,Visual,1,37,6,6,7,6.333333333,Restaurant,0
1169,Visual,2,34,6,6,6,6,Restaurant,0
1170,Auditory,2,31,5,5,3,4.333333333,Restaurant,0
1171,Auditory,2,59,8,7,5,6.666666667,Restaurant,1
1172,Visual,2,54,5,5,5,5,Restaurant,0
1173,Visual,1,55,7,7,5,6.333333333,Restaurant,0
1174,Auditory,2,36,5,5,5,5,Restaurant,0
1175,Visual,2,20,5,5,5,5,Restaurant,1
1176,Visual,2,41,5,5,5,5,Restaurant,0
1177,Visual,2,35,5,6,6,5.666666667,Restaurant,0
1178,Auditory,2,31,1,2,1,1.333333333,Restaurant,0
1179,Visual,2,33,6,5,7,6,Restaurant,0
1180,Auditory,1,42,5,4,4,4.333333333,ExtensionCord,1
1181,Auditory,2,28,8,7,7,7.333333333,ExtensionCord,1
1182,Visual,2,34,6,6,6,6,ExtensionCord,1
1183,Auditory,1,28,7,7,7,7,ExtensionCord,0
1184,Visual,2,46,8,8,8,8,ExtensionCord,1
1185,Visual,1,21,4,5,4,4.333333333,ExtensionCord,0
1186,Auditory,2,24,8,6,7,7,ExtensionCord,1
1187,Visual,2,29,6,6,5,5.666666667,ExtensionCord,0
1188,Auditory,1,64,6,5,5,5.333333333,ExtensionCord,1
1189,Visual,2,26,3,5,6,4.666666667,ExtensionCord,0
1190,Auditory,2,30,7,6,3,5.333333333,ExtensionCord,1
1191,Visual,1,49,6,7,3,5.333333333,ExtensionCord,0
1192,Visual,1,19,9,9,7,8.333333333,ExtensionCord,1
1193,Auditory,2,32,7,3,7,5.666666667,ExtensionCord,1
1194,Auditory,2,26,4,4,3,3.666666667,ExtensionCord,0
1195,Visual,1,19,6,7,7,6.666666667,ExtensionCord,1
1196,Auditory,1,34,5,5,1,3.666666667,ExtensionCord,1
1197,Auditory,1,32,4,5,5,4.666666667,ExtensionCord,0
1198,Visual,1,44,9,7,9,8.333333333,ExtensionCord,1
1199,Visual,1,33,4,4,4,4,ExtensionCord,1
1200,Visual,2,22,5,5,5,5,ExtensionCord,1
1201,Auditory,2,57,8,8,5,7,ExtensionCord,1
1202,Auditory,1,18,4,5,5,4.666666667,ExtensionCord,1
1203,Auditory,1,18,6,4,6,5.333333333,ExtensionCord,1
1204,Visual,2,24,6,5,5,5.333333333,ExtensionCord,0
1205,Visual,2,22,7,7,8,7.333333333,ExtensionCord,1
1206,Auditory,2,59,3,3,3,3,ExtensionCord,1
1207,Visual,1,21,9,8,8,8.333333333,ExtensionCord,1
1208,Auditory,2,40,8,9,8,8.333333333,ExtensionCord,1
1209,Visual,2,19,9,9,9,9,ExtensionCord,1
1210,Visual,1,19,3,5,5,4.333333333,ExtensionCord,0
1211,Auditory,1,18,6,3,5,4.666666667,ExtensionCord,1
1212,Auditory,1,32,5,5,6,5.333333333,ExtensionCord,1
1213,Auditory,1,35,6,6,6,6,ExtensionCord,1
1214,Auditory,2,24,6,5,4,5,ExtensionCord,0
1215,Visual,2,25,9,9,9,9,ExtensionCord,1
1216,Visual,1,39,3,3,3,3,ExtensionCord,1
1217,Auditory,1,28,8,7,7,7.333333333,ExtensionCord,0
1218,Auditory,1,35,7,7,6,6.666666667,ExtensionCord,1
1219,Visual,1,27,3,2,3,2.666666667,ExtensionCord,1
1220,Auditory,2,20,7,8,7,7.333333333,ExtensionCord,1
1221,Visual,1,20,4,4,4,4,ExtensionCord,1
1222,Visual,1,25,6,7,7,6.666666667,ExtensionCord,1
1223,Visual,2,29,5,5,5,5,ExtensionCord,1
1224,Visual,1,27,7,6,7,6.666666667,ExtensionCord,0
1225,Visual,2,18,6,7,7,6.666666667,ExtensionCord,0
1226,Auditory,1,48,8,8,5,7,ExtensionCord,1
1227,Auditory,2,19,2,4,5,3.666666667,ExtensionCord,1
1228,Auditory,2,68,6,5,3,4.666666667,ExtensionCord,0
1229,Visual,1,41,9,9,9,9,ExtensionCord,1
1230,Auditory,2,26,7,5,3,5,ExtensionCord,1
1231,Visual,1,55,5,5,5,5,ExtensionCord,1
1232,Auditory,2,19,3,7,7,5.666666667,ExtensionCord,1
1233,Visual,1,28,6,7,5,6,ExtensionCord,1
1234,Auditory,2,24,2,3,4,3,ExtensionCord,0
1235,Auditory,2,33,9,7,8,8,ExtensionCord,1
1236,Visual,2,36,6,6,6,6,ExtensionCord,0
1237,Auditory,1,27,8,8,8,8,ExtensionCord,1
1238,Visual,1,22,5,5,4,4.666666667,ExtensionCord,0
1239,Auditory,2,25,4,5,5,4.666666667,ExtensionCord,0
1240,Auditory,2,27,7,6,7,6.666666667,ExtensionCord,1
1241,Auditory,2,27,8,7,8,7.666666667,ExtensionCord,1
1242,Visual,2,28,5,5,6,5.333333333,ExtensionCord,0
1243,Visual,2,30,5,6,5,5.333333333,ExtensionCord,0
1244,Visual,1,44,6,6,6,6,ExtensionCord,0
1245,Auditory,2,18,7,7,6,6.666666667,ExtensionCord,1
1246,Visual,1,43,7,7,8,7.333333333,ExtensionCord,1
1247,Auditory,2,41,6,4,4,4.666666667,ExtensionCord,1
1248,Visual,1,40,6,6,6,6,ExtensionCord,0
1249,Auditory,1,35,8,8,8,8,ExtensionCord,1
1250,Visual,1,57,6,6,8,6.666666667,ExtensionCord,1
1251,Auditory,1,26,7,7,5,6.333333333,ExtensionCord,1
1252,Visual,1,32,3,2,4,3,ExtensionCord,1
1253,Visual,2,19,4,4,4,4,ExtensionCord,1
1254,Auditory,2,34,6,6,6,6,ExtensionCord,1
1255,Visual,2,30,8,5,6,6.333333333,ExtensionCord,1
1256,Auditory,1,19,5,6,6,5.666666667,ExtensionCord,1
1257,Visual,1,22,3,5,3,3.666666667,ExtensionCord,0
1258,Visual,1,25,6,6,6,6,ExtensionCord,0
1259,Visual,1,25,2,2,2,2,ExtensionCord,0
1260,Auditory,2,46,5,5,5,5,ExtensionCord,1
1261,Auditory,2,27,2,3,2,2.333333333,ExtensionCord,1
1262,Auditory,2,31,4,4,3,3.666666667,ExtensionCord,1
1263,Visual,1,26,4,6,3,4.333333333,ExtensionCord,1
1264,Auditory,1,75,6,5,3,4.666666667,ExtensionCord,1
1265,Visual,1,35,6,6,4,5.333333333,ExtensionCord,1
1266,Auditory,2,24,8,7,5,6.666666667,ExtensionCord,1
1267,Auditory,2,55,1,1,1,1,ExtensionCord,1
1268,Visual,2,19,4,5,7,5.333333333,ExtensionCord,0
1269,Visual,1,26,7,6,9,7.333333333,ExtensionCord,1
1270,Visual,1,25,6,6,6,6,ExtensionCord,1
1271,Auditory,2,27,4,5,3,4,ExtensionCord,0
1272,Visual,2,37,5,5,6,5.333333333,ExtensionCord,1
1273,Auditory,1,32,6,6,3,5,ExtensionCord,1
1274,Auditory,2,38,4,3,3,3.333333333,ExtensionCord,0
1275,Auditory,1,27,9,9,8,8.666666667,ExtensionCord,1
1276,Visual,1,29,4,6,5,5,ExtensionCord,1
1277,Auditory,1,18,8,2,2,4,ExtensionCord,1
1278,Visual,1,25,5,5,4,4.666666667,ExtensionCord,1
1279,Visual,1,21,5,5,5,5,ExtensionCord,1
1280,Auditory,1,24,9,5,8,7.333333333,ExtensionCord,1
1281,Auditory,2,37,4,3,3,3.333333333,ExtensionCord,1
1282,Visual,2,22,3,4,3,3.333333333,ExtensionCord,0
1283,Auditory,1,40,8,8,7,7.666666667,ExtensionCord,1
1284,Visual,2,30,5,5,4,4.666666667,ExtensionCord,1
1285,Auditory,2,28,5,6,6,5.666666667,ExtensionCord,1
1286,Visual,2,35,7,7,6,6.666666667,ExtensionCord,1
1287,Visual,2,22,7,5,3,5,ExtensionCord,1
1288,Auditory,2,30,3,4,3,3.333333333,ExtensionCord,1
1289,Visual,2,21,4,4,1,3,ExtensionCord,1
1290,Auditory,2,29,7,6,5,6,ExtensionCord,1
1291,Visual,1,56,4,4,4,4,ExtensionCord,1
1292,Visual,2,26,7,6,6,6.333333333,ExtensionCord,1
1293,Auditory,1,26,4,4,3,3.666666667,ExtensionCord,0
1294,Visual,1,41,2,6,4,4,ExtensionCord,1
1295,Auditory,1,32,7,8,5,6.666666667,ExtensionCord,0
1296,Auditory,1,33,3,3,5,3.666666667,ExtensionCord,1
1297,Visual,2,40,7,7,7,7,ExtensionCord,1
1298,Auditory,2,32,5,5,5,5,ExtensionCord,1
1299,Visual,1,29,6,6,8,6.666666667,ExtensionCord,0
1300,Visual,2,41,3,5,4,4,ExtensionCord,1
1301,Auditory,2,35,5,3,3,3.666666667,ExtensionCord,1
1302,Visual,1,37,5,5,6,5.333333333,ExtensionCord,1
1303,Auditory,2,23,7,6,6,6.333333333,ExtensionCord,0
1304,Visual,1,28,5,5,5,5,ExtensionCord,0
1305,Auditory,1,24,6,5,5,5.333333333,ExtensionCord,1
1306,Visual,1,33,3,3,4,3.333333333,ExtensionCord,1
1307,Visual,2,28,3,4,5,4,ExtensionCord,1
1308,Auditory,2,24,6,7,7,6.666666667,ExtensionCord,1
1309,Auditory,1,37,5,5,4,4.666666667,ExtensionCord,1
1310,Visual,2,51,4,6,6,5.333333333,ExtensionCord,1
1311,Auditory,1,21,3,1,1,1.666666667,ExtensionCord,1
1312,Auditory,2,34,2,5,5,4,ExtensionCord,0
1313,Auditory,1,24,5,5,5,5,ExtensionCord,1
1314,Visual,2,19,5,6,6,5.666666667,ExtensionCord,1
1315,Auditory,1,25,6,6,5,5.666666667,ExtensionCord,1
1316,Visual,2,54,5,5,5,5,ExtensionCord,1
1317,Auditory,1,30,6,5,4,5,ExtensionCord,1
1318,Auditory,2,26,6,5,2,4.333333333,ExtensionCord,1
1319,Auditory,1,43,7,8,6,7,ExtensionCord,1
1320,Visual,1,28,2,3,2,2.333333333,ExtensionCord,0
1321,Auditory,2,20,7,6,5,6,ExtensionCord,1
1322,Auditory,2,28,6,5,3,4.666666667,ExtensionCord,1
1323,Visual,1,44,7,8,8,7.666666667,ExtensionCord,1
1324,Visual,1,20,5,4,5,4.666666667,ExtensionCord,0
1325,Visual,2,61,7,8,8,7.666666667,ExtensionCord,0
1326,Visual,1,23,5,6,3,4.666666667,ExtensionCord,0
1327,Auditory,1,57,6,6,5,5.666666667,ExtensionCord,0
1328,Auditory,1,51,6,6,5,5.666666667,ExtensionCord,1
1329,Auditory,2,24,5,6,7,6,ExtensionCord,1
1330,Visual,2,28,6,6,7,6.333333333,ExtensionCord,1
1331,Auditory,1,65,8,8,8,8,ExtensionCord,1
1332,Auditory,2,21,6,7,5,6,ExtensionCord,1
1333,Visual,1,54,6,6,5,5.666666667,ExtensionCord,1
1334,Visual,2,30,7,7,7,7,ExtensionCord,1
1335,Visual,1,27,2,5,3,3.333333333,ExtensionCord,0
1336,Auditory,2,23,3,2,2,2.333333333,ExtensionCord,0
1337,Visual,2,26,7,7,8,7.333333333,ExtensionCord,0
1338,Auditory,2,29,4,5,5,4.666666667,ExtensionCord,1
1339,Visual,1,20,4,5,4,4.333333333,ExtensionCord,1
1340,Visual,2,30,9,7,5,7,ExtensionCord,1
1341,Visual,1,27,2,3,3,2.666666667,ExtensionCord,0
1342,Auditory,1,41,5,5,5,5,ExtensionCord,1
1343,Visual,1,27,4,5,5,4.666666667,ExtensionCord,1
1344,Visual,2,24,8,8,9,8.333333333,ExtensionCord,0
1345,Visual,2,32,8,8,7,7.666666667,ExtensionCord,1
1346,Visual,1,30,6,7,6,6.333333333,ExtensionCord,1
1347,Visual,1,21,4,5,6,5,ExtensionCord,1
1348,Visual,1,44,5,7,7,6.333333333,ExtensionCord,1
1349,Auditory,1,34,2,3,2,2.333333333,ExtensionCord,1
1350,Auditory,2,49,3,2,1,2,ExtensionCord,1
1351,Visual,1,22,6,6,5,5.666666667,ExtensionCord,1
1352,Auditory,2,37,6,6,6,6,ExtensionCord,1
1353,Auditory,2,52,5,5,5,5,ExtensionCord,1
1354,Auditory,2,31,5,5,3,4.333333333,ExtensionCord,1
1355,Auditory,1,39,7,5,2,4.666666667,ExtensionCord,1
1356,Visual,2,46,5,5,3,4.333333333,ExtensionCord,0
1357,Auditory,1,59,8,8,5,7,ExtensionCord,1
1358,Visual,2,21,6,5,6,5.666666667,ExtensionCord,1
1359,Visual,1,18,6,6,6,6,ExtensionCord,1
1360,Visual,2,47,4,4,5,4.333333333,ExtensionCord,0
1361,Auditory,1,58,6,6,4,5.333333333,ExtensionCord,1
1362,Visual,1,32,5,5,5,5,ExtensionCord,1
1363,Auditory,1,49,7,7,7,7,ExtensionCord,1
1364,Visual,2,26,7,6,6,6.333333333,ExtensionCord,0
1365,Auditory,2,20,5,4,9,6,ExtensionCord,1
1366,Visual,2,21,9,9,9,9,ExtensionCord,0
1367,Auditory,2,22,5,5,5,5,ExtensionCord,1
1368,Auditory,1,24,6,7,6,6.333333333,ExtensionCord,1
1369,Auditory,1,33,6,5,4,5,ExtensionCord,1
1370,Visual,2,34,2,5,5,4,ExtensionCord,0
1371,Auditory,2,33,5,1,2,2.666666667,ExtensionCord,1
1372,Auditory,1,25,7,7,6,6.666666667,ExtensionCord,1
1373,Auditory,1,44,5,4,4,4.333333333,ExtensionCord,1
1374,Visual,2,35,8,8,9,8.333333333,ExtensionCord,1
1375,Auditory,1,20,5,5,4,4.666666667,ExtensionCord,1
1376,Visual,1,19,6,5,4,5,ExtensionCord,0
1377,Visual,2,41,5,5,5,5,ExtensionCord,1
1378,Auditory,2,21,7,5,7,6.333333333,ExtensionCord,1
1379,Auditory,2,34,1,1,1,1,ExtensionCord,0
1380,Visual,2,26,7,3,3,4.333333333,ExtensionCord,0
1381,Visual,1,44,7,7,7,7,ExtensionCord,1
1382,Auditory,1,47,4,4,4,4,ExtensionCord,1
1383,Visual,1,42,9,7,8,8,ExtensionCord,1
1384,Visual,1,38,4,5,3,4,ExtensionCord,1
1385,Auditory,2,45,5,5,5,5,ExtensionCord,0
1386,Auditory,2,32,9,9,1,6.333333333,ExtensionCord,1
1387,Auditory,1,37,2,2,2,2,ExtensionCord,1
1388,Auditory,2,52,8,8,8,8,ExtensionCord,1
1389,Visual,2,33,9,9,9,9,ExtensionCord,1
1390,Auditory,1,19,4,4,7,5,ExtensionCord,0
1391,Visual,1,36,5,5,5,5,ExtensionCord,1
1392,Visual,2,20,3,5,3,3.666666667,ExtensionCord,0
1393,Auditory,2,43,7,7,7,7,ExtensionCord,1
1394,Visual,1,22,4,4,8,5.333333333,ExtensionCord,0
1395,Auditory,1,44,6,4,4,4.666666667,ExtensionCord,1
1396,Visual,2,30,5,5,7,5.666666667,ExtensionCord,1
1397,Visual,1,26,7,6,6,6.333333333,ExtensionCord,0
1398,Auditory,2,35,5,6,1,4,ExtensionCord,1
1399,Visual,1,23,7,7,7,7,ExtensionCord,1
1400,Auditory,2,29,6,4,5,5,ExtensionCord,1
1401,Visual,2,28,5,5,5,5,ExtensionCord,0
1402,Auditory,2,21,6,7,3,5.333333333,ExtensionCord,1
1403,Visual,1,18,5,5,5,5,ExtensionCord,0
1404,Auditory,2,30,3,5,4,4,ExtensionCord,1
1405,Auditory,1,68,5,5,5,5,ExtensionCord,1
1406,Visual,1,25,5,4,5,4.666666667,ExtensionCord,0
1407,Auditory,1,41,3,5,5,4.333333333,ExtensionCord,1
1408,Auditory,2,31,3,5,3,3.666666667,ExtensionCord,1
1409,Visual,1,38,6,5,6,5.666666667,ExtensionCord,1
1410,Visual,1,41,7,7,6,6.666666667,ExtensionCord,1
1411,Visual,1,31,7,7,7,7,ExtensionCord,1
1412,Auditory,1,25,6,5,5,5.333333333,ExtensionCord,1
1413,Auditory,1,31,7,7,7,7,ExtensionCord,1
1414,Auditory,1,56,8,8,8,8,ExtensionCord,1
1415,Auditory,2,29,4,5,4,4.333333333,ExtensionCord,1
1416,Auditory,2,29,9,9,9,9,ExtensionCord,1
1417,Visual,2,33,8,8,8,8,ExtensionCord,1
1418,Visual,2,36,5,5,5,5,ExtensionCord,1
1419,Visual,1,19,5,5,4,4.666666667,ExtensionCord,0
1420,Auditory,2,25,9,9,9,9,ExtensionCord,1
1421,Auditory,2,68,5,5,5,5,ExtensionCord,1
1422,Auditory,2,51,6,6,4,5.333333333,ExtensionCord,1
1423,Visual,1,28,3,4,2,3,ExtensionCord,1
1424,Auditory,1,24,7,7,9,7.666666667,ExtensionCord,0
1425,Visual,2,33,4,5,4,4.333333333,ExtensionCord,1
1426,Visual,1,18,1,5,3,3,ExtensionCord,1
1427,Visual,2,27,7,7,7,7,ExtensionCord,0
1428,Auditory,1,30,3,5,2,3.333333333,ExtensionCord,1
1429,Visual,1,19,7,7,8,7.333333333,ExtensionCord,1
1430,Visual,1,36,6,8,5,6.333333333,ExtensionCord,1
1431,Auditory,2,43,6,5,5,5.333333333,ExtensionCord,1
1432,Visual,2,20,7,5,5,5.666666667,ExtensionCord,0
1433,Auditory,2,46,5,5,5,5,ExtensionCord,1
1434,Visual,1,33,7,6,7,6.666666667,ExtensionCord,1
1435,Visual,1,21,5,6,4,5,ExtensionCord,0
1436,Visual,1,46,3,3,3,3,ExtensionCord,1
1437,Auditory,1,27,3,3,3,3,ExtensionCord,0
1438,Visual,2,32,6,7,6,6.333333333,ExtensionCord,0
1439,Auditory,1,20,6,7,7,6.666666667,ExtensionCord,1
1440,Visual,1,64,6,5,1,4,ExtensionCord,1
1441,Auditory,2,29,7,7,4,6,ExtensionCord,1
1442,Auditory,1,23,7,8,4,6.333333333,ExtensionCord,0
1443,Auditory,2,33,7,7,6,6.666666667,ExtensionCord,1
1444,Auditory,2,26,9,9,9,9,ExtensionCord,1
1445,Auditory,1,22,3,3,5,3.666666667,ExtensionCord,0
1446,Visual,2,19,8,8,7,7.666666667,ExtensionCord,0
1447,Visual,2,62,5,5,5,5,ExtensionCord,0
1448,Auditory,1,21,6,5,4,5,ExtensionCord,1
1449,Visual,1,27,8,8,4,6.666666667,ExtensionCord,1
1450,Auditory,1,59,7,7,7,7,ExtensionCord,1
1451,Auditory,1,45,6,5,5,5.333333333,ExtensionCord,1
1452,Visual,1,27,8,8,8,8,ExtensionCord,1
1453,Visual,2,50,5,5,7,5.666666667,ExtensionCord,0
1454,Visual,1,45,2,2,2,2,ExtensionCord,0
1455,Visual,2,49,3,4,4,3.666666667,ExtensionCord,1
1456,Auditory,2,21,4,5,6,5,ExtensionCord,1
1457,Auditory,2,20,7,7,6,6.666666667,ExtensionCord,1
1458,Visual,1,38,3,5,2,3.333333333,ExtensionCord,1
1459,Visual,2,27,9,9,9,9,ExtensionCord,1
1460,Visual,1,36,6,6,5,5.666666667,ExtensionCord,0
1461,Auditory,1,55,5,5,3,4.333333333,ExtensionCord,0
1462,Auditory,2,26,6,5,5,5.333333333,ExtensionCord,1
1463,Auditory,2,21,9,7,9,8.333333333,ExtensionCord,1
1464,Auditory,2,28,5,5,5,5,ExtensionCord,0
1465,Visual,1,42,7,7,7,7,ExtensionCord,1
1466,Auditory,1,22,7,5,3,5,ExtensionCord,1
1467,Auditory,1,47,3,3,2,2.666666667,ExtensionCord,1
1468,Visual,2,25,6,6,5,5.666666667,ExtensionCord,1
1469,Auditory,1,18,9,4,1,4.666666667,ExtensionCord,1
1470,Auditory,2,73,2,1,2,1.666666667,ExtensionCord,0
1471,Visual,2,39,7,7,7,7,ExtensionCord,1
1472,Visual,2,43,9,8,6,7.666666667,ExtensionCord,1
1473,Visual,3,21,5,5,5,5,ExtensionCord,1
1474,Auditory,1,32,7,4,5,5.333333333,ExtensionCord,1
1475,Visual,1,42,7,7,7,7,ExtensionCord,1
1476,Visual,1,26,6,6,5,5.666666667,ExtensionCord,1
1477,Visual,2,37,9,9,7,8.333333333,ExtensionCord,0
1478,Auditory,2,51,4,5,5,4.666666667,ExtensionCord,1
1479,Visual,1,26,4,5,4,4.333333333,ExtensionCord,1
1480,Visual,1,18,7,5,6,6,ExtensionCord,0
1481,Visual,2,25,9,9,9,9,ExtensionCord,0
1482,Visual,2,42,8,8,8,8,ExtensionCord,1
1483,Visual,2,18,7,7,7,7,ExtensionCord,1
1484,Auditory,2,56,3,3,3,3,ExtensionCord,1
1485,Auditory,1,20,6,7,4,5.666666667,ExtensionCord,0
1486,Auditory,2,33,6,6,6,6,ExtensionCord,1
1487,Auditory,1,26,6,7,6,6.333333333,ExtensionCord,1
1488,Auditory,1,24,2,2,3,2.333333333,ExtensionCord,0
1489,Auditory,2,53,3,3,3,3,ExtensionCord,1
1490,Auditory,1,41,6,6,6,6,ExtensionCord,1
1491,Visual,1,24,5,4,5,4.666666667,ExtensionCord,1
1492,Visual,2,46,6,5,6,5.666666667,ExtensionCord,1
1493,Auditory,1,37,4,4,4,4,ExtensionCord,0
1494,Auditory,1,19,4,4,4,4,ExtensionCord,1
1495,Auditory,1,28,8,5,5,6,ExtensionCord,0
1496,Auditory,1,44,3,3,4,3.333333333,ExtensionCord,0
1497,Visual,2,19,6,4,3,4.333333333,ExtensionCord,0
1498,Visual,2,52,4,8,6,6,ExtensionCord,0
1499,Visual,1,52,5,5,5,5,ExtensionCord,1
1500,Visual,2,26,9,9,9,9,ExtensionCord,1
1501,Auditory,1,32,6,5,5,5.333333333,ExtensionCord,0
1502,Auditory,2,23,6,7,6,6.333333333,ExtensionCord,1
1503,Visual,1,21,7,6,7,6.666666667,ExtensionCord,1
1504,Auditory,1,72,7,7,6,6.666666667,ExtensionCord,0
1505,Visual,1,53,6,6,6,6,ExtensionCord,1
1506,Auditory,2,40,5,1,5,3.666666667,ExtensionCord,1
1507,Auditory,1,51,5,3,3,3.666666667,ExtensionCord,1
1508,Auditory,1,26,6,4,4,4.666666667,ExtensionCord,1
1509,Visual,2,54,7,7,7,7,ExtensionCord,1
1510,Visual,1,21,7,6,7,6.666666667,ExtensionCord,1
1511,Auditory,1,29,4,3,6,4.333333333,ExtensionCord,1
1512,Auditory,2,51,2,3,1,2,ExtensionCord,1
1513,Auditory,1,66,3,5,3,3.666666667,ExtensionCord,1
1514,Auditory,1,54,3,5,5,4.333333333,ExtensionCord,1
1515,Visual,2,51,5,7,4,5.333333333,ExtensionCord,0
1516,Auditory,1,32,7,7,7,7,ExtensionCord,1
1517,Visual,2,58,7,7,6,6.666666667,ExtensionCord,1
1518,Visual,1,43,5,6,4,5,ExtensionCord,1
1519,Auditory,1,45,5,1,1,2.333333333,ExtensionCord,0
1520,Auditory,1,38,4,3,2,3,ExtensionCord,0
1521,Visual,2,31,7,7,8,7.333333333,ExtensionCord,1
1522,Visual,2,26,7,7,7,7,ExtensionCord,1
1523,Auditory,1,32,7,7,6,6.666666667,ExtensionCord,0
1524,Visual,2,47,6,7,6,6.333333333,ExtensionCord,1
1525,Auditory,1,68,3,6,5,4.666666667,ExtensionCord,0
1526,Visual,1,24,4,5,5,4.666666667,ExtensionCord,0
1527,Visual,1,40,5,5,6,5.333333333,ExtensionCord,1
1528,Auditory,2,26,3,4,3,3.333333333,ExtensionCord,1
1529,Visual,2,63,5,4,6,5,ExtensionCord,1
1530,Visual,1,30,7,7,5,6.333333333,ExtensionCord,1
1531,Auditory,1,27,7,5,3,5,ExtensionCord,1
1532,Visual,1,33,2,2,1,1.666666667,ExtensionCord,1
1533,Auditory,1,38,7,7,5,6.333333333,ExtensionCord,1
1534,Visual,1,30,6,6,4,5.333333333,ExtensionCord,1
1535,Visual,2,29,3,3,2,2.666666667,ExtensionCord,1
1536,Visual,2,26,4,5,3,4,ExtensionCord,1
1537,Auditory,2,51,3,5,3,3.666666667,ExtensionCord,0
1538,Visual,1,30,6,7,8,7,ExtensionCord,1
1539,Visual,2,38,5,5,5,5,ExtensionCord,1
1540,Auditory,1,18,5,5,3,4.333333333,ExtensionCord,1
1541,Auditory,2,18,4,5,4,4.333333333,ExtensionCord,1
1542,Auditory,2,56,7,6,6,6.333333333,ExtensionCord,1
1543,Visual,1,23,8,8,7,7.666666667,ExtensionCord,0
1544,Auditory,1,22,6,5,4,5,ExtensionCord,0
1545,Visual,2,48,1,5,1,2.333333333,ExtensionCord,0
1546,Auditory,1,29,6,7,6,6.333333333,ExtensionCord,1
1547,Auditory,2,62,6,6,5,5.666666667,ExtensionCord,0
1548,Auditory,2,43,1,1,1,1,ExtensionCord,0
1549,Auditory,2,21,3,5,5,4.333333333,ExtensionCord,0
1550,Auditory,2,31,5,2,2,3,ExtensionCord,1
1551,Auditory,1,27,6,5,5,5.333333333,ExtensionCord,1
1552,Visual,1,31,5,5,5,5,ExtensionCord,1
1553,Visual,1,25,8,8,8,8,ExtensionCord,1
1554,Visual,2,43,5,5,5,5,ExtensionCord,0
1555,Visual,2,69,5,7,3,5,ExtensionCord,0
1556,Visual,2,22,6,6,4,5.333333333,ExtensionCord,0
1557,Auditory,1,36,5,5,5,5,ExtensionCord,0
1558,Visual,2,44,5,6,6,5.666666667,ExtensionCord,0
1559,Auditory,1,24,6,5,4,5,ExtensionCord,0
1560,Auditory,2,33,5,6,7,6,ExtensionCord,1
1561,Visual,1,37,6,6,7,6.333333333,ExtensionCord,0
1562,Visual,2,34,6,6,6,6,ExtensionCord,1
1563,Auditory,2,31,5,5,3,4.333333333,ExtensionCord,0
1564,Auditory,2,59,8,7,5,6.666666667,ExtensionCord,1
1565,Visual,2,54,5,5,5,5,ExtensionCord,0
1566,Visual,1,55,7,7,5,6.333333333,ExtensionCord,1
1567,Auditory,2,36,5,5,5,5,ExtensionCord,1
1568,Visual,2,20,5,5,5,5,ExtensionCord,0
1569,Visual,2,41,5,5,5,5,ExtensionCord,1
1570,Visual,2,35,5,6,6,5.666666667,ExtensionCord,0
1571,Auditory,2,31,1,2,1,1.333333333,ExtensionCord,0
1572,Visual,2,33,6,5,7,6,ExtensionCord,1